nohup: ignoring input

libgomp: Invalid value for environment variable OMP_NUM_THREADS
The image processor of type `Qwen2VLImageProcessor` is now loaded as a fast processor by default, even if the model checkpoint was saved with a slow processor. This is a breaking change and may produce slightly different outputs. To continue using the slow processor, instantiate this class with `use_fast=False`. Note that this behavior will be extended to all models in a future release.
`torch_dtype` is deprecated! Use `dtype` instead!
[INFO] Loading processor from /root/autodl-tmp/qwen-2.5-vl/models/Qwen2.5-VL-7B-Instruct ...
[INFO] Processor loaded.
[INFO] Loading model from /root/autodl-tmp/qwen-2.5-vl/models/Qwen2.5-VL-7B-Instruct ...
Loading checkpoint shards:   0%|          | 0/5 [00:00<?, ?it/s]Loading checkpoint shards:  20%|██        | 1/5 [00:00<00:02,  1.35it/s]Loading checkpoint shards:  40%|████      | 2/5 [00:01<00:02,  1.41it/s]Loading checkpoint shards:  60%|██████    | 3/5 [00:02<00:01,  1.42it/s]Loading checkpoint shards:  80%|████████  | 4/5 [00:02<00:00,  1.44it/s]Loading checkpoint shards: 100%|██████████| 5/5 [00:02<00:00,  1.95it/s]Loading checkpoint shards: 100%|██████████| 5/5 [00:02<00:00,  1.67it/s]
[INFO] Model loaded. dtype=bfloat16, device_map=auto
[INFO] Model device_map: {'': 0}
[DeepSeek][2026-07-21T16:23:18.510959+00:00] generator request started (attempt 1/3)
[DeepSeek][2026-07-21T16:23:18.512293+00:00] generator request started (attempt 1/3)
[DeepSeek][2026-07-21T16:23:18.512873+00:00] generator request started (attempt 1/3)
[DeepSeek][2026-07-21T16:23:18.513122+00:00] generator request started (attempt 1/3)
[DeepSeek][2026-07-21T16:23:41.488059+00:00] generator request succeeded (attempt 1, response_chars=3425)
[DeepSeek][2026-07-21T16:23:48.017474+00:00] generator request succeeded (attempt 1, response_chars=4341)
[DeepSeek][2026-07-21T16:24:02.279887+00:00] generator request succeeded (attempt 1, response_chars=7030)
[DeepSeek][2026-07-21T16:24:13.053049+00:00] generator request failed (attempt 1): Expecting ',' delimiter: line 53 column 5 (char 2676)
[DeepSeek][2026-07-21T16:24:13.053152+00:00] generator request will retry
[DeepSeek][2026-07-21T16:24:14.053276+00:00] generator request started (attempt 2/3)
[DeepSeek][2026-07-21T16:25:04.302625+00:00] generator request succeeded (attempt 2, response_chars=8635)
The following generation flags are not valid and may be ignored: ['temperature']. Set `TRANSFORMERS_VERBOSITY=info` for more details.
[DeepSeek][2026-07-21T16:25:08.846050+00:00] analyzer request started (attempt 1/3)
[DeepSeek][2026-07-21T16:25:08.853563+00:00] analyzer request started (attempt 1/3)
[DeepSeek][2026-07-21T16:25:08.858810+00:00] analyzer request started (attempt 1/3)
[DeepSeek][2026-07-21T16:25:08.862597+00:00] analyzer request started (attempt 1/3)
[DeepSeek][2026-07-21T16:25:43.276068+00:00] analyzer request succeeded (attempt 1, response_chars=5350)
[DeepSeek][2026-07-21T16:26:02.448065+00:00] analyzer request succeeded (attempt 1, response_chars=9683)
[DeepSeek][2026-07-21T16:26:16.285525+00:00] analyzer request succeeded (attempt 1, response_chars=11894)
[DeepSeek][2026-07-21T16:26:19.957824+00:00] analyzer request succeeded (attempt 1, response_chars=12033)
[ColorPool] color=red round=1 completed accepted={0: 0, 1: 0, 2: 3, 3: 5, 4: 0} missing_bins=[0, 1, 2, 4] color_complete=False
[DeepSeek][2026-07-21T16:26:19.959321+00:00] generator request started (attempt 1/3)
[DeepSeek][2026-07-21T16:26:19.962914+00:00] generator request started (attempt 1/3)
[DeepSeek][2026-07-21T16:26:19.966324+00:00] generator request started (attempt 1/3)
[DeepSeek][2026-07-21T16:26:19.969600+00:00] generator request started (attempt 1/3)
[DeepSeek][2026-07-21T16:26:42.094092+00:00] generator request succeeded (attempt 1, response_chars=3470)
[DeepSeek][2026-07-21T16:26:47.671115+00:00] generator request succeeded (attempt 1, response_chars=4449)
[DeepSeek][2026-07-21T16:26:59.346616+00:00] generator request succeeded (attempt 1, response_chars=6622)
[DeepSeek][2026-07-21T16:27:14.058893+00:00] generator request succeeded (attempt 1, response_chars=8948)
[DeepSeek][2026-07-21T16:27:22.190508+00:00] analyzer request started (attempt 1/3)
[DeepSeek][2026-07-21T16:27:22.199157+00:00] analyzer request started (attempt 1/3)
[DeepSeek][2026-07-21T16:27:22.205422+00:00] analyzer request started (attempt 1/3)
[DeepSeek][2026-07-21T16:27:22.210161+00:00] analyzer request started (attempt 1/3)
[DeepSeek][2026-07-21T16:28:08.108218+00:00] analyzer request succeeded (attempt 1, response_chars=6482)
[DeepSeek][2026-07-21T16:28:22.582813+00:00] analyzer request succeeded (attempt 1, response_chars=10261)
[DeepSeek][2026-07-21T16:28:28.117631+00:00] analyzer request succeeded (attempt 1, response_chars=10698)
[DeepSeek][2026-07-21T16:28:35.417769+00:00] analyzer request succeeded (attempt 1, response_chars=12546)
[ColorPool] color=red round=2 completed accepted={0: 0, 1: 0, 2: 4, 3: 5, 4: 0} missing_bins=[0, 1, 2, 4] color_complete=False
[DeepSeek][2026-07-21T16:28:35.419102+00:00] generator request started (attempt 1/3)
[DeepSeek][2026-07-21T16:28:35.422695+00:00] generator request started (attempt 1/3)
[DeepSeek][2026-07-21T16:28:35.426011+00:00] generator request started (attempt 1/3)
[DeepSeek][2026-07-21T16:28:35.429023+00:00] generator request started (attempt 1/3)
[DeepSeek][2026-07-21T16:29:00.176130+00:00] generator request succeeded (attempt 1, response_chars=4329)
[DeepSeek][2026-07-21T16:29:04.689920+00:00] generator request succeeded (attempt 1, response_chars=4641)
[DeepSeek][2026-07-21T16:29:16.358131+00:00] generator request succeeded (attempt 1, response_chars=6805)
[DeepSeek][2026-07-21T16:29:26.943664+00:00] generator request succeeded (attempt 1, response_chars=8737)
[DeepSeek][2026-07-21T16:29:34.693715+00:00] analyzer request started (attempt 1/3)
[DeepSeek][2026-07-21T16:29:34.703204+00:00] analyzer request started (attempt 1/3)
[DeepSeek][2026-07-21T16:29:34.709962+00:00] analyzer request started (attempt 1/3)
[DeepSeek][2026-07-21T16:29:34.715667+00:00] analyzer request started (attempt 1/3)
[DeepSeek][2026-07-21T16:30:11.609663+00:00] analyzer request succeeded (attempt 1, response_chars=5704)
[DeepSeek][2026-07-21T16:30:24.255259+00:00] analyzer request succeeded (attempt 1, response_chars=9472)
[DeepSeek][2026-07-21T16:31:34.868900+00:00] analyzer request failed (attempt 1): Request timed out.
[DeepSeek][2026-07-21T16:31:34.869018+00:00] analyzer request will retry
[DeepSeek][2026-07-21T16:31:34.876885+00:00] analyzer request failed (attempt 1): Request timed out.
[DeepSeek][2026-07-21T16:31:34.876987+00:00] analyzer request will retry
[DeepSeek][2026-07-21T16:31:35.869106+00:00] analyzer request started (attempt 2/3)
[DeepSeek][2026-07-21T16:31:35.877046+00:00] analyzer request started (attempt 2/3)
[DeepSeek][2026-07-21T16:32:59.436092+00:00] analyzer request succeeded (attempt 2, response_chars=13136)
[DeepSeek][2026-07-21T16:33:17.407276+00:00] analyzer request succeeded (attempt 2, response_chars=15268)
[ColorPool] color=red round=3 completed accepted={0: 0, 1: 0, 2: 4, 3: 5, 4: 0} missing_bins=[0, 1, 2, 4] color_complete=False
[DeepSeek][2026-07-21T16:33:17.409226+00:00] generator request started (attempt 1/3)
[DeepSeek][2026-07-21T16:33:17.412863+00:00] generator request started (attempt 1/3)
[DeepSeek][2026-07-21T16:33:17.416225+00:00] generator request started (attempt 1/3)
[DeepSeek][2026-07-21T16:33:17.419568+00:00] generator request started (attempt 1/3)
[DeepSeek][2026-07-21T16:33:33.958224+00:00] generator request failed (attempt 1): DeepSeek response JSON must be an object
[DeepSeek][2026-07-21T16:33:33.958328+00:00] generator request will retry
[DeepSeek][2026-07-21T16:33:34.958442+00:00] generator request started (attempt 2/3)
[DeepSeek][2026-07-21T16:33:45.176194+00:00] generator request succeeded (attempt 1, response_chars=3966)
[DeepSeek][2026-07-21T16:33:46.558035+00:00] generator request failed (attempt 2): DeepSeek response JSON must be an object
[DeepSeek][2026-07-21T16:33:46.558123+00:00] generator request will retry
[DeepSeek][2026-07-21T16:33:47.510622+00:00] generator request succeeded (attempt 1, response_chars=4477)
[DeepSeek][2026-07-21T16:33:48.558246+00:00] generator request started (attempt 3/3)
[DeepSeek][2026-07-21T16:33:59.811199+00:00] generator request failed (attempt 3): DeepSeek response JSON must be an object
[DeepSeek][2026-07-21T16:34:13.194402+00:00] generator request succeeded (attempt 1, response_chars=8457)
[DeepSeek][2026-07-21T16:34:21.730918+00:00] analyzer request started (attempt 1/3)
[DeepSeek][2026-07-21T16:34:21.741565+00:00] analyzer request started (attempt 1/3)
[DeepSeek][2026-07-21T16:34:21.749040+00:00] analyzer request started (attempt 1/3)
[DeepSeek][2026-07-21T16:34:21.756757+00:00] analyzer request started (attempt 1/3)
[DeepSeek][2026-07-21T16:35:00.652384+00:00] analyzer request succeeded (attempt 1, response_chars=5400)
[DeepSeek][2026-07-21T16:35:14.097768+00:00] analyzer request succeeded (attempt 1, response_chars=9151)
[DeepSeek][2026-07-21T16:35:45.474003+00:00] analyzer request succeeded (attempt 1, response_chars=14599)
[DeepSeek][2026-07-21T16:36:21.872259+00:00] analyzer request failed (attempt 1): Request timed out.
[DeepSeek][2026-07-21T16:36:21.872366+00:00] analyzer request will retry
[DeepSeek][2026-07-21T16:36:22.872479+00:00] analyzer request started (attempt 2/3)
[DeepSeek][2026-07-21T16:38:03.017632+00:00] analyzer request succeeded (attempt 2, response_chars=16264)
[ColorPool] color=red round=4 completed accepted={0: 0, 1: 0, 2: 4, 3: 5, 4: 0} missing_bins=[0, 1, 2, 4] color_complete=False
[DeepSeek][2026-07-21T16:38:03.019264+00:00] generator request started (attempt 1/3)
[DeepSeek][2026-07-21T16:38:03.023354+00:00] generator request started (attempt 1/3)
[DeepSeek][2026-07-21T16:38:03.027310+00:00] generator request started (attempt 1/3)
[DeepSeek][2026-07-21T16:38:03.029402+00:00] generator request started (attempt 1/3)
[DeepSeek][2026-07-21T16:38:14.937400+00:00] generator request failed (attempt 1): DeepSeek response JSON must be an object
[DeepSeek][2026-07-21T16:38:14.937456+00:00] generator request will retry
[DeepSeek][2026-07-21T16:38:15.937537+00:00] generator request started (attempt 2/3)
[DeepSeek][2026-07-21T16:38:27.499576+00:00] generator request succeeded (attempt 1, response_chars=3736)
[DeepSeek][2026-07-21T16:38:27.881501+00:00] generator request succeeded (attempt 2, response_chars=2257)
[DeepSeek][2026-07-21T16:38:34.120874+00:00] generator request succeeded (attempt 1, response_chars=4757)
[DeepSeek][2026-07-21T16:38:48.476568+00:00] generator request succeeded (attempt 1, response_chars=7323)
[DeepSeek][2026-07-21T16:38:52.239777+00:00] analyzer request started (attempt 1/3)
[DeepSeek][2026-07-21T16:38:52.247710+00:00] analyzer request started (attempt 1/3)
[DeepSeek][2026-07-21T16:38:52.255209+00:00] analyzer request started (attempt 1/3)
[DeepSeek][2026-07-21T16:39:19.775280+00:00] analyzer request succeeded (attempt 1, response_chars=4101)
[DeepSeek][2026-07-21T16:39:53.353826+00:00] analyzer request succeeded (attempt 1, response_chars=10818)
[DeepSeek][2026-07-21T16:40:37.023963+00:00] analyzer request succeeded (attempt 1, response_chars=17636)
[ColorPool] color=red round=5 completed accepted={0: 0, 1: 0, 2: 5, 3: 5, 4: 0} missing_bins=[0, 1, 4] color_complete=False
[DeepSeek][2026-07-21T16:40:37.073069+00:00] generator request started (attempt 1/3)
[DeepSeek][2026-07-21T16:40:37.076370+00:00] generator request started (attempt 1/3)
[DeepSeek][2026-07-21T16:40:37.079515+00:00] generator request started (attempt 1/3)
[DeepSeek][2026-07-21T16:40:37.082430+00:00] generator request started (attempt 1/3)
[DeepSeek][2026-07-21T16:40:37.085336+00:00] generator request started (attempt 1/3)
[DeepSeek][2026-07-21T16:40:52.785042+00:00] generator request succeeded (attempt 1, response_chars=2319)
[DeepSeek][2026-07-21T16:41:18.795323+00:00] generator request succeeded (attempt 1, response_chars=4927)
[DeepSeek][2026-07-21T16:41:23.658240+00:00] generator request succeeded (attempt 1, response_chars=6732)
[DeepSeek][2026-07-21T16:41:28.272530+00:00] generator request succeeded (attempt 1, response_chars=7730)
[DeepSeek][2026-07-21T16:41:38.904946+00:00] generator request succeeded (attempt 1, response_chars=9430)
[DeepSeek][2026-07-21T16:41:56.218438+00:00] analyzer request started (attempt 1/3)
[DeepSeek][2026-07-21T16:41:56.225843+00:00] analyzer request started (attempt 1/3)
[DeepSeek][2026-07-21T16:41:56.233550+00:00] analyzer request started (attempt 1/3)
[DeepSeek][2026-07-21T16:41:56.235010+00:00] analyzer request started (attempt 1/3)
[DeepSeek][2026-07-21T16:41:56.240030+00:00] analyzer request started (attempt 1/3)
[DeepSeek][2026-07-21T16:42:26.253166+00:00] analyzer request succeeded (attempt 1, response_chars=4571)
[DeepSeek][2026-07-21T16:42:34.278488+00:00] analyzer request succeeded (attempt 1, response_chars=4776)
[DeepSeek][2026-07-21T16:42:46.216372+00:00] analyzer request succeeded (attempt 1, response_chars=7607)
[DeepSeek][2026-07-21T16:42:46.222352+00:00] analyzer request succeeded (attempt 1, response_chars=6796)
[DeepSeek][2026-07-21T16:42:52.069444+00:00] analyzer request succeeded (attempt 1, response_chars=8696)
[ColorPool] color=orange round=1 completed accepted={0: 0, 1: 0, 2: 1, 3: 1, 4: 0} missing_bins=[0, 1, 2, 3, 4] color_complete=False
[DeepSeek][2026-07-21T16:42:52.071088+00:00] generator request started (attempt 1/3)
[DeepSeek][2026-07-21T16:42:52.074476+00:00] generator request started (attempt 1/3)
[DeepSeek][2026-07-21T16:42:52.077612+00:00] generator request started (attempt 1/3)
[DeepSeek][2026-07-21T16:42:52.080645+00:00] generator request started (attempt 1/3)
[DeepSeek][2026-07-21T16:42:52.083902+00:00] generator request started (attempt 1/3)
[DeepSeek][2026-07-21T16:43:06.435170+00:00] generator request succeeded (attempt 1, response_chars=2128)
[DeepSeek][2026-07-21T16:43:23.319910+00:00] generator request succeeded (attempt 1, response_chars=5037)
[DeepSeek][2026-07-21T16:43:39.979755+00:00] generator request succeeded (attempt 1, response_chars=7424)
[DeepSeek][2026-07-21T16:43:42.077618+00:00] generator request succeeded (attempt 1, response_chars=7688)
[DeepSeek][2026-07-21T16:43:42.807516+00:00] generator request succeeded (attempt 1, response_chars=7748)
[DeepSeek][2026-07-21T16:43:56.177322+00:00] analyzer request started (attempt 1/3)
[DeepSeek][2026-07-21T16:43:56.184109+00:00] analyzer request started (attempt 1/3)
[DeepSeek][2026-07-21T16:43:56.190416+00:00] analyzer request started (attempt 1/3)
[DeepSeek][2026-07-21T16:43:56.196384+00:00] analyzer request started (attempt 1/3)
[DeepSeek][2026-07-21T16:43:56.202799+00:00] analyzer request started (attempt 1/3)
[DeepSeek][2026-07-21T16:44:43.773293+00:00] analyzer request succeeded (attempt 1, response_chars=7168)
[DeepSeek][2026-07-21T16:44:56.532008+00:00] analyzer request succeeded (attempt 1, response_chars=8496)
[DeepSeek][2026-07-21T16:44:57.474530+00:00] analyzer request succeeded (attempt 1, response_chars=8537)
[DeepSeek][2026-07-21T16:44:59.568259+00:00] analyzer request succeeded (attempt 1, response_chars=9574)
[DeepSeek][2026-07-21T16:45:04.226071+00:00] analyzer request succeeded (attempt 1, response_chars=11035)
[ColorPool] color=orange round=2 completed accepted={0: 0, 1: 0, 2: 1, 3: 3, 4: 0} missing_bins=[0, 1, 2, 3, 4] color_complete=False
[DeepSeek][2026-07-21T16:45:04.227523+00:00] generator request started (attempt 1/3)
[DeepSeek][2026-07-21T16:45:04.230889+00:00] generator request started (attempt 1/3)
[DeepSeek][2026-07-21T16:45:04.234188+00:00] generator request started (attempt 1/3)
[DeepSeek][2026-07-21T16:45:04.237726+00:00] generator request started (attempt 1/3)
[DeepSeek][2026-07-21T16:45:04.240813+00:00] generator request started (attempt 1/3)
[DeepSeek][2026-07-21T16:45:18.354656+00:00] generator request succeeded (attempt 1, response_chars=2151)
[DeepSeek][2026-07-21T16:45:36.215338+00:00] generator request succeeded (attempt 1, response_chars=5329)
[DeepSeek][2026-07-21T16:45:40.162248+00:00] generator request succeeded (attempt 1, response_chars=5115)
[DeepSeek][2026-07-21T16:45:53.570534+00:00] generator request succeeded (attempt 1, response_chars=7387)
[DeepSeek][2026-07-21T16:45:57.314155+00:00] generator request succeeded (attempt 1, response_chars=8152)
[DeepSeek][2026-07-21T16:46:09.160223+00:00] analyzer request started (attempt 1/3)
[DeepSeek][2026-07-21T16:46:09.164615+00:00] analyzer request started (attempt 1/3)
[DeepSeek][2026-07-21T16:46:09.169926+00:00] analyzer request started (attempt 1/3)
[DeepSeek][2026-07-21T16:46:09.176700+00:00] analyzer request started (attempt 1/3)
[DeepSeek][2026-07-21T16:46:09.184826+00:00] analyzer request started (attempt 1/3)
[DeepSeek][2026-07-21T16:46:48.523367+00:00] analyzer request succeeded (attempt 1, response_chars=5943)
[DeepSeek][2026-07-21T16:46:54.887598+00:00] analyzer request succeeded (attempt 1, response_chars=6917)
[DeepSeek][2026-07-21T16:46:58.847346+00:00] analyzer request succeeded (attempt 1, response_chars=6684)
[DeepSeek][2026-07-21T16:47:15.016720+00:00] analyzer request succeeded (attempt 1, response_chars=10142)
[DeepSeek][2026-07-21T16:47:32.992530+00:00] analyzer request succeeded (attempt 1, response_chars=13979)
[ColorPool] color=orange round=3 completed accepted={0: 0, 1: 0, 2: 4, 3: 4, 4: 0} missing_bins=[0, 1, 2, 3, 4] color_complete=False
[DeepSeek][2026-07-21T16:47:32.994293+00:00] generator request started (attempt 1/3)
[DeepSeek][2026-07-21T16:47:32.997693+00:00] generator request started (attempt 1/3)
[DeepSeek][2026-07-21T16:47:33.000819+00:00] generator request started (attempt 1/3)
[DeepSeek][2026-07-21T16:47:33.003881+00:00] generator request started (attempt 1/3)
[DeepSeek][2026-07-21T16:47:33.007147+00:00] generator request started (attempt 1/3)
[DeepSeek][2026-07-21T16:47:47.964180+00:00] generator request succeeded (attempt 1, response_chars=2230)
[DeepSeek][2026-07-21T16:48:06.778316+00:00] generator request succeeded (attempt 1, response_chars=5225)
[DeepSeek][2026-07-21T16:48:09.915040+00:00] generator request succeeded (attempt 1, response_chars=5186)
[DeepSeek][2026-07-21T16:48:22.753898+00:00] generator request succeeded (attempt 1, response_chars=7113)
[DeepSeek][2026-07-21T16:48:31.435428+00:00] generator request succeeded (attempt 1, response_chars=9534)
[DeepSeek][2026-07-21T16:48:41.260456+00:00] analyzer request started (attempt 1/3)
[DeepSeek][2026-07-21T16:48:41.263350+00:00] analyzer request started (attempt 1/3)
[DeepSeek][2026-07-21T16:48:41.265496+00:00] analyzer request started (attempt 1/3)
[DeepSeek][2026-07-21T16:48:41.267606+00:00] analyzer request started (attempt 1/3)
[DeepSeek][2026-07-21T16:49:17.847631+00:00] analyzer request succeeded (attempt 1, response_chars=5259)
[DeepSeek][2026-07-21T16:49:21.138964+00:00] analyzer request succeeded (attempt 1, response_chars=6599)
[DeepSeek][2026-07-21T16:49:24.164444+00:00] analyzer request succeeded (attempt 1, response_chars=6428)
[DeepSeek][2026-07-21T16:49:50.013443+00:00] analyzer request succeeded (attempt 1, response_chars=12205)
[ColorPool] color=orange round=4 completed accepted={0: 0, 1: 0, 2: 5, 3: 4, 4: 0} missing_bins=[0, 1, 3, 4] color_complete=False
[DeepSeek][2026-07-21T16:49:50.014854+00:00] generator request started (attempt 1/3)
[DeepSeek][2026-07-21T16:49:50.018225+00:00] generator request started (attempt 1/3)
[DeepSeek][2026-07-21T16:49:50.021394+00:00] generator request started (attempt 1/3)
[DeepSeek][2026-07-21T16:49:50.024535+00:00] generator request started (attempt 1/3)
[DeepSeek][2026-07-21T16:49:54.861169+00:00] generator request succeeded (attempt 1, response_chars=730)
[DeepSeek][2026-07-21T16:50:26.471152+00:00] generator request succeeded (attempt 1, response_chars=5523)
[DeepSeek][2026-07-21T16:50:39.492119+00:00] generator request succeeded (attempt 1, response_chars=7543)
[DeepSeek][2026-07-21T16:50:49.646876+00:00] generator request succeeded (attempt 1, response_chars=9606)
[DeepSeek][2026-07-21T16:50:52.360088+00:00] analyzer request started (attempt 1/3)
[DeepSeek][2026-07-21T16:50:52.367081+00:00] analyzer request started (attempt 1/3)
[DeepSeek][2026-07-21T16:50:52.373465+00:00] analyzer request started (attempt 1/3)
[DeepSeek][2026-07-21T16:50:52.381992+00:00] analyzer request started (attempt 1/3)
[DeepSeek][2026-07-21T16:51:29.480320+00:00] analyzer request succeeded (attempt 1, response_chars=5452)
[DeepSeek][2026-07-21T16:51:30.119808+00:00] analyzer request succeeded (attempt 1, response_chars=5837)
[DeepSeek][2026-07-21T16:51:31.858564+00:00] analyzer request succeeded (attempt 1, response_chars=6665)
[DeepSeek][2026-07-21T16:52:03.988478+00:00] analyzer request failed (attempt 1): Expecting ',' delimiter: line 52 column 3 (char 5398)
[DeepSeek][2026-07-21T16:52:03.988532+00:00] analyzer request will retry
[DeepSeek][2026-07-21T16:52:04.988647+00:00] analyzer request started (attempt 2/3)
[DeepSeek][2026-07-21T16:53:11.925633+00:00] analyzer request succeeded (attempt 2, response_chars=13096)
[ColorPool] color=orange round=5 completed accepted={0: 0, 1: 0, 2: 5, 3: 4, 4: 0} missing_bins=[0, 1, 3, 4] color_complete=False
[DeepSeek][2026-07-21T16:53:11.998089+00:00] generator request started (attempt 1/3)
[DeepSeek][2026-07-21T16:53:12.000754+00:00] generator request started (attempt 1/3)
[DeepSeek][2026-07-21T16:53:12.001763+00:00] generator request started (attempt 1/3)
[DeepSeek][2026-07-21T16:53:12.002867+00:00] generator request started (attempt 1/3)
[DeepSeek][2026-07-21T16:53:12.003745+00:00] generator request started (attempt 1/3)
[DeepSeek][2026-07-21T16:53:26.555125+00:00] generator request succeeded (attempt 1, response_chars=1904)
[DeepSeek][2026-07-21T16:53:37.442096+00:00] generator request succeeded (attempt 1, response_chars=3734)
[DeepSeek][2026-07-21T16:53:41.306987+00:00] generator request succeeded (attempt 1, response_chars=4073)
[DeepSeek][2026-07-21T16:53:57.713313+00:00] generator request failed (attempt 1): Expecting ',' delimiter: line 154 column 69 (char 5788)
[DeepSeek][2026-07-21T16:53:57.713431+00:00] generator request will retry
[DeepSeek][2026-07-21T16:53:58.713545+00:00] generator request started (attempt 2/3)
[DeepSeek][2026-07-21T16:54:03.850905+00:00] generator request succeeded (attempt 1, response_chars=7769)
[DeepSeek][2026-07-21T16:54:36.687627+00:00] generator request succeeded (attempt 2, response_chars=6350)
[DeepSeek][2026-07-21T16:54:51.315684+00:00] analyzer request started (attempt 1/3)
[DeepSeek][2026-07-21T16:54:51.321875+00:00] analyzer request started (attempt 1/3)
[DeepSeek][2026-07-21T16:54:51.325938+00:00] analyzer request started (attempt 1/3)
[DeepSeek][2026-07-21T16:54:51.330360+00:00] analyzer request started (attempt 1/3)
[DeepSeek][2026-07-21T16:54:51.335072+00:00] analyzer request started (attempt 1/3)
[DeepSeek][2026-07-21T16:55:15.085077+00:00] analyzer request succeeded (attempt 1, response_chars=3102)
[DeepSeek][2026-07-21T16:55:16.758517+00:00] analyzer request succeeded (attempt 1, response_chars=3434)
[DeepSeek][2026-07-21T16:55:20.736845+00:00] analyzer request succeeded (attempt 1, response_chars=3996)
[DeepSeek][2026-07-21T16:55:32.783474+00:00] analyzer request succeeded (attempt 1, response_chars=5821)
[DeepSeek][2026-07-21T16:55:40.296351+00:00] analyzer request succeeded (attempt 1, response_chars=7112)
[ColorPool] color=yellow round=1 completed accepted={0: 0, 1: 0, 2: 0, 3: 1, 4: 0} missing_bins=[0, 1, 2, 3, 4] color_complete=False
[DeepSeek][2026-07-21T16:55:40.297991+00:00] generator request started (attempt 1/3)
[DeepSeek][2026-07-21T16:55:40.301274+00:00] generator request started (attempt 1/3)
[DeepSeek][2026-07-21T16:55:40.304392+00:00] generator request started (attempt 1/3)
[DeepSeek][2026-07-21T16:55:40.307541+00:00] generator request started (attempt 1/3)
[DeepSeek][2026-07-21T16:55:40.310223+00:00] generator request started (attempt 1/3)
[DeepSeek][2026-07-21T16:55:55.498830+00:00] generator request succeeded (attempt 1, response_chars=1858)
[DeepSeek][2026-07-21T16:56:06.333239+00:00] generator request succeeded (attempt 1, response_chars=3826)
[DeepSeek][2026-07-21T16:56:09.401071+00:00] generator request succeeded (attempt 1, response_chars=4149)
[DeepSeek][2026-07-21T16:56:27.712482+00:00] generator request succeeded (attempt 1, response_chars=7454)
[DeepSeek][2026-07-21T16:56:33.551066+00:00] generator request succeeded (attempt 1, response_chars=8374)
[DeepSeek][2026-07-21T16:56:48.514142+00:00] analyzer request started (attempt 1/3)
[DeepSeek][2026-07-21T16:56:48.521414+00:00] analyzer request started (attempt 1/3)
[DeepSeek][2026-07-21T16:56:48.526301+00:00] analyzer request started (attempt 1/3)
[DeepSeek][2026-07-21T16:56:48.530563+00:00] analyzer request started (attempt 1/3)
[DeepSeek][2026-07-21T16:56:48.535555+00:00] analyzer request started (attempt 1/3)
[DeepSeek][2026-07-21T16:57:27.683576+00:00] analyzer request succeeded (attempt 1, response_chars=6026)
[DeepSeek][2026-07-21T16:57:28.575399+00:00] analyzer request succeeded (attempt 1, response_chars=6276)
[DeepSeek][2026-07-21T16:57:43.366833+00:00] analyzer request succeeded (attempt 1, response_chars=5177)
[DeepSeek][2026-07-21T16:57:58.667373+00:00] analyzer request succeeded (attempt 1, response_chars=10509)
[DeepSeek][2026-07-21T16:58:05.487598+00:00] analyzer request succeeded (attempt 1, response_chars=11449)
[ColorPool] color=yellow round=2 completed accepted={0: 0, 1: 0, 2: 0, 3: 2, 4: 0} missing_bins=[0, 1, 2, 3, 4] color_complete=False
[DeepSeek][2026-07-21T16:58:05.489211+00:00] generator request started (attempt 1/3)
[DeepSeek][2026-07-21T16:58:05.492579+00:00] generator request started (attempt 1/3)
[DeepSeek][2026-07-21T16:58:05.495079+00:00] generator request started (attempt 1/3)
[DeepSeek][2026-07-21T16:58:05.497289+00:00] generator request started (attempt 1/3)
[DeepSeek][2026-07-21T16:58:05.499482+00:00] generator request started (attempt 1/3)
[DeepSeek][2026-07-21T16:58:20.376790+00:00] generator request succeeded (attempt 1, response_chars=2012)
[DeepSeek][2026-07-21T16:58:30.450983+00:00] generator request succeeded (attempt 1, response_chars=4007)
[DeepSeek][2026-07-21T16:58:33.197906+00:00] generator request succeeded (attempt 1, response_chars=3941)
[DeepSeek][2026-07-21T16:58:57.270526+00:00] generator request succeeded (attempt 1, response_chars=8632)
[DeepSeek][2026-07-21T16:59:03.293174+00:00] generator request succeeded (attempt 1, response_chars=9001)
[DeepSeek][2026-07-21T16:59:17.149861+00:00] analyzer request started (attempt 1/3)
[DeepSeek][2026-07-21T16:59:17.159026+00:00] analyzer request started (attempt 1/3)
[DeepSeek][2026-07-21T16:59:17.166075+00:00] analyzer request started (attempt 1/3)
[DeepSeek][2026-07-21T16:59:17.172296+00:00] analyzer request started (attempt 1/3)
[DeepSeek][2026-07-21T16:59:17.178423+00:00] analyzer request started (attempt 1/3)
[DeepSeek][2026-07-21T16:59:53.555812+00:00] analyzer request succeeded (attempt 1, response_chars=4822)
[DeepSeek][2026-07-21T16:59:55.102636+00:00] analyzer request succeeded (attempt 1, response_chars=5211)
[DeepSeek][2026-07-21T16:59:59.687611+00:00] analyzer request succeeded (attempt 1, response_chars=5709)
[DeepSeek][2026-07-21T17:00:02.920414+00:00] analyzer request succeeded (attempt 1, response_chars=6590)
[DeepSeek][2026-07-21T17:00:19.101726+00:00] analyzer request succeeded (attempt 1, response_chars=9168)
[ColorPool] color=yellow round=3 completed accepted={0: 0, 1: 0, 2: 0, 3: 3, 4: 0} missing_bins=[0, 1, 2, 3, 4] color_complete=False
[DeepSeek][2026-07-21T17:00:19.103333+00:00] generator request started (attempt 1/3)
[DeepSeek][2026-07-21T17:00:19.106731+00:00] generator request started (attempt 1/3)
[DeepSeek][2026-07-21T17:00:19.110061+00:00] generator request started (attempt 1/3)
[DeepSeek][2026-07-21T17:00:19.113381+00:00] generator request started (attempt 1/3)
[DeepSeek][2026-07-21T17:00:19.116099+00:00] generator request started (attempt 1/3)
[DeepSeek][2026-07-21T17:00:28.088492+00:00] generator request failed (attempt 1): DeepSeek response JSON must be an object
[DeepSeek][2026-07-21T17:00:28.088597+00:00] generator request will retry
[DeepSeek][2026-07-21T17:00:29.088784+00:00] generator request started (attempt 2/3)
[DeepSeek][2026-07-21T17:00:33.380804+00:00] generator request succeeded (attempt 1, response_chars=1761)
[DeepSeek][2026-07-21T17:00:35.777140+00:00] generator request succeeded (attempt 2, response_chars=1195)
[DeepSeek][2026-07-21T17:00:55.794824+00:00] generator request succeeded (attempt 1, response_chars=5321)
[DeepSeek][2026-07-21T17:01:09.331800+00:00] generator request succeeded (attempt 1, response_chars=7877)
[DeepSeek][2026-07-21T17:01:14.035366+00:00] generator request succeeded (attempt 1, response_chars=8979)
[DeepSeek][2026-07-21T17:01:26.145575+00:00] analyzer request started (attempt 1/3)
[DeepSeek][2026-07-21T17:01:26.155738+00:00] analyzer request started (attempt 1/3)
[DeepSeek][2026-07-21T17:01:26.163247+00:00] analyzer request started (attempt 1/3)
[DeepSeek][2026-07-21T17:01:26.168984+00:00] analyzer request started (attempt 1/3)
[DeepSeek][2026-07-21T17:02:06.103784+00:00] analyzer request succeeded (attempt 1, response_chars=5811)
[DeepSeek][2026-07-21T17:02:09.926472+00:00] analyzer request succeeded (attempt 1, response_chars=6212)
[DeepSeek][2026-07-21T17:02:33.897557+00:00] analyzer request succeeded (attempt 1, response_chars=10337)
[DeepSeek][2026-07-21T17:03:26.329002+00:00] analyzer request failed (attempt 1): Request timed out.
[DeepSeek][2026-07-21T17:03:26.329092+00:00] analyzer request will retry
[DeepSeek][2026-07-21T17:03:27.329228+00:00] analyzer request started (attempt 2/3)
[DeepSeek][2026-07-21T17:04:17.845933+00:00] analyzer request succeeded (attempt 2, response_chars=7713)
[ColorPool] color=yellow round=4 completed accepted={0: 0, 1: 0, 2: 0, 3: 5, 4: 0} missing_bins=[0, 1, 2, 4] color_complete=False
[DeepSeek][2026-07-21T17:04:17.847412+00:00] generator request started (attempt 1/3)
[DeepSeek][2026-07-21T17:04:17.850809+00:00] generator request started (attempt 1/3)
[DeepSeek][2026-07-21T17:04:17.853968+00:00] generator request started (attempt 1/3)
[DeepSeek][2026-07-21T17:04:17.858886+00:00] generator request started (attempt 1/3)
[DeepSeek][2026-07-21T17:04:26.537066+00:00] generator request succeeded (attempt 1, response_chars=1384)
[DeepSeek][2026-07-21T17:04:58.831015+00:00] generator request succeeded (attempt 1, response_chars=6224)
[DeepSeek][2026-07-21T17:05:22.271244+00:00] generator request succeeded (attempt 1, response_chars=11900)
[DeepSeek][2026-07-21T17:05:33.912479+00:00] generator request succeeded (attempt 1, response_chars=9880)
[DeepSeek][2026-07-21T17:05:44.421044+00:00] analyzer request started (attempt 1/3)
[DeepSeek][2026-07-21T17:05:44.430305+00:00] analyzer request started (attempt 1/3)
[DeepSeek][2026-07-21T17:05:44.436918+00:00] analyzer request started (attempt 1/3)
[DeepSeek][2026-07-21T17:05:44.444331+00:00] analyzer request started (attempt 1/3)
[DeepSeek][2026-07-21T17:06:11.696017+00:00] analyzer request succeeded (attempt 1, response_chars=4803)
[DeepSeek][2026-07-21T17:06:28.611510+00:00] analyzer request succeeded (attempt 1, response_chars=6909)
[DeepSeek][2026-07-21T17:06:36.460781+00:00] analyzer request succeeded (attempt 1, response_chars=7979)
[DeepSeek][2026-07-21T17:06:48.892044+00:00] analyzer request succeeded (attempt 1, response_chars=10915)
[ColorPool] color=yellow round=5 completed accepted={0: 0, 1: 0, 2: 0, 3: 5, 4: 0} missing_bins=[0, 1, 2, 4] color_complete=False
[DeepSeek][2026-07-21T17:06:48.966034+00:00] generator request started (attempt 1/3)
[DeepSeek][2026-07-21T17:06:48.969126+00:00] generator request started (attempt 1/3)
[DeepSeek][2026-07-21T17:06:48.972077+00:00] generator request started (attempt 1/3)
[DeepSeek][2026-07-21T17:06:48.975037+00:00] generator request started (attempt 1/3)
[DeepSeek][2026-07-21T17:06:48.977750+00:00] generator request started (attempt 1/3)
[DeepSeek][2026-07-21T17:07:05.368070+00:00] generator request succeeded (attempt 1, response_chars=2196)
[DeepSeek][2026-07-21T17:07:13.868172+00:00] generator request succeeded (attempt 1, response_chars=3572)
[DeepSeek][2026-07-21T17:07:17.374826+00:00] generator request succeeded (attempt 1, response_chars=3981)
[DeepSeek][2026-07-21T17:07:30.678809+00:00] generator request succeeded (attempt 1, response_chars=6212)
[DeepSeek][2026-07-21T17:07:32.732133+00:00] generator request succeeded (attempt 1, response_chars=6714)
[DeepSeek][2026-07-21T17:07:44.229019+00:00] analyzer request started (attempt 1/3)
[DeepSeek][2026-07-21T17:07:44.236185+00:00] analyzer request started (attempt 1/3)
[DeepSeek][2026-07-21T17:07:44.241220+00:00] analyzer request started (attempt 1/3)
[DeepSeek][2026-07-21T17:07:44.245728+00:00] analyzer request started (attempt 1/3)
[DeepSeek][2026-07-21T17:07:44.250241+00:00] analyzer request started (attempt 1/3)
[DeepSeek][2026-07-21T17:08:05.940479+00:00] analyzer request succeeded (attempt 1, response_chars=3130)
[DeepSeek][2026-07-21T17:08:09.209671+00:00] analyzer request succeeded (attempt 1, response_chars=3502)
[DeepSeek][2026-07-21T17:08:10.794150+00:00] analyzer request succeeded (attempt 1, response_chars=3809)
[DeepSeek][2026-07-21T17:08:12.692573+00:00] analyzer request succeeded (attempt 1, response_chars=4157)
[DeepSeek][2026-07-21T17:08:21.655739+00:00] analyzer request succeeded (attempt 1, response_chars=5857)
[ColorPool] color=green round=1 completed accepted={0: 0, 1: 0, 2: 0, 3: 0, 4: 0} missing_bins=[0, 1, 2, 3, 4] color_complete=False
[DeepSeek][2026-07-21T17:08:21.657449+00:00] generator request started (attempt 1/3)
[DeepSeek][2026-07-21T17:08:21.660737+00:00] generator request started (attempt 1/3)
[DeepSeek][2026-07-21T17:08:21.663842+00:00] generator request started (attempt 1/3)
[DeepSeek][2026-07-21T17:08:21.666780+00:00] generator request started (attempt 1/3)
[DeepSeek][2026-07-21T17:08:21.669907+00:00] generator request started (attempt 1/3)
[DeepSeek][2026-07-21T17:08:37.089657+00:00] generator request succeeded (attempt 1, response_chars=1973)
[DeepSeek][2026-07-21T17:08:50.019853+00:00] generator request succeeded (attempt 1, response_chars=4341)
[DeepSeek][2026-07-21T17:08:53.491729+00:00] generator request succeeded (attempt 1, response_chars=4581)
[DeepSeek][2026-07-21T17:09:17.011313+00:00] generator request succeeded (attempt 1, response_chars=8629)
[DeepSeek][2026-07-21T17:09:17.875302+00:00] generator request succeeded (attempt 1, response_chars=8828)
[DeepSeek][2026-07-21T17:09:24.120130+00:00] analyzer request started (attempt 1/3)
[DeepSeek][2026-07-21T17:09:24.128843+00:00] analyzer request started (attempt 1/3)
[DeepSeek][2026-07-21T17:09:24.134215+00:00] analyzer request started (attempt 1/3)
[DeepSeek][2026-07-21T17:09:24.138795+00:00] analyzer request started (attempt 1/3)
[DeepSeek][2026-07-21T17:09:24.143863+00:00] analyzer request started (attempt 1/3)
[DeepSeek][2026-07-21T17:09:50.348922+00:00] analyzer request succeeded (attempt 1, response_chars=3735)
[DeepSeek][2026-07-21T17:09:50.442887+00:00] analyzer request failed (attempt 1): Expecting ',' delimiter: line 3 column 14 (char 42)
[DeepSeek][2026-07-21T17:09:50.442995+00:00] analyzer request will retry
[DeepSeek][2026-07-21T17:09:51.443150+00:00] analyzer request started (attempt 2/3)
[DeepSeek][2026-07-21T17:09:53.847386+00:00] analyzer request succeeded (attempt 1, response_chars=4439)
[DeepSeek][2026-07-21T17:10:00.851739+00:00] analyzer request succeeded (attempt 1, response_chars=5741)
[DeepSeek][2026-07-21T17:10:03.264760+00:00] analyzer request succeeded (attempt 1, response_chars=5564)
[DeepSeek][2026-07-21T17:11:25.761941+00:00] analyzer request succeeded (attempt 2, response_chars=15245)
[ColorPool] color=green round=2 completed accepted={0: 0, 1: 0, 2: 0, 3: 0, 4: 0} missing_bins=[0, 1, 2, 3, 4] color_complete=False
[DeepSeek][2026-07-21T17:11:25.763579+00:00] generator request started (attempt 1/3)
[DeepSeek][2026-07-21T17:11:25.767152+00:00] generator request started (attempt 1/3)
[DeepSeek][2026-07-21T17:11:25.770277+00:00] generator request started (attempt 1/3)
[DeepSeek][2026-07-21T17:11:25.773290+00:00] generator request started (attempt 1/3)
[DeepSeek][2026-07-21T17:11:25.776386+00:00] generator request started (attempt 1/3)
[DeepSeek][2026-07-21T17:11:41.632083+00:00] generator request succeeded (attempt 1, response_chars=2081)
[DeepSeek][2026-07-21T17:11:53.391397+00:00] generator request succeeded (attempt 1, response_chars=4458)
[DeepSeek][2026-07-21T17:11:55.766606+00:00] generator request succeeded (attempt 1, response_chars=4704)
[DeepSeek][2026-07-21T17:12:24.555855+00:00] generator request succeeded (attempt 1, response_chars=10401)
[DeepSeek][2026-07-21T17:12:28.259151+00:00] generator request succeeded (attempt 1, response_chars=8285)
[DeepSeek][2026-07-21T17:12:42.006484+00:00] analyzer request started (attempt 1/3)
[DeepSeek][2026-07-21T17:12:42.016480+00:00] analyzer request started (attempt 1/3)
[DeepSeek][2026-07-21T17:12:42.022790+00:00] analyzer request started (attempt 1/3)
[DeepSeek][2026-07-21T17:12:42.027767+00:00] analyzer request started (attempt 1/3)
[DeepSeek][2026-07-21T17:12:42.033417+00:00] analyzer request started (attempt 1/3)
[DeepSeek][2026-07-21T17:13:09.928451+00:00] analyzer request succeeded (attempt 1, response_chars=4078)
[DeepSeek][2026-07-21T17:13:13.215576+00:00] analyzer request succeeded (attempt 1, response_chars=4513)
[DeepSeek][2026-07-21T17:13:26.039452+00:00] analyzer request succeeded (attempt 1, response_chars=6659)
[DeepSeek][2026-07-21T17:13:39.853394+00:00] analyzer request succeeded (attempt 1, response_chars=8220)
[DeepSeek][2026-07-21T17:14:24.604364+00:00] analyzer request succeeded (attempt 1, response_chars=16998)
[ColorPool] color=green round=3 completed accepted={0: 0, 1: 0, 2: 0, 3: 0, 4: 0} missing_bins=[0, 1, 2, 3, 4] color_complete=False
[DeepSeek][2026-07-21T17:14:24.606004+00:00] generator request started (attempt 1/3)
[DeepSeek][2026-07-21T17:14:24.609594+00:00] generator request started (attempt 1/3)
[DeepSeek][2026-07-21T17:14:24.612712+00:00] generator request started (attempt 1/3)
[DeepSeek][2026-07-21T17:14:24.615633+00:00] generator request started (attempt 1/3)
[DeepSeek][2026-07-21T17:14:24.618685+00:00] generator request started (attempt 1/3)
[DeepSeek][2026-07-21T17:14:39.928551+00:00] generator request succeeded (attempt 1, response_chars=1957)
[DeepSeek][2026-07-21T17:14:53.425870+00:00] generator request succeeded (attempt 1, response_chars=4130)
[DeepSeek][2026-07-21T17:14:53.572313+00:00] generator request succeeded (attempt 1, response_chars=4430)
[DeepSeek][2026-07-21T17:15:15.752010+00:00] generator request succeeded (attempt 1, response_chars=8392)
[DeepSeek][2026-07-21T17:15:19.544270+00:00] generator request succeeded (attempt 1, response_chars=9694)
[DeepSeek][2026-07-21T17:15:30.062743+00:00] analyzer request started (attempt 1/3)
[DeepSeek][2026-07-21T17:15:30.072766+00:00] analyzer request started (attempt 1/3)
[DeepSeek][2026-07-21T17:15:30.080029+00:00] analyzer request started (attempt 1/3)
[DeepSeek][2026-07-21T17:15:30.086605+00:00] analyzer request started (attempt 1/3)
[DeepSeek][2026-07-21T17:15:30.093011+00:00] analyzer request started (attempt 1/3)
[DeepSeek][2026-07-21T17:16:04.894085+00:00] analyzer request succeeded (attempt 1, response_chars=5039)
[DeepSeek][2026-07-21T17:16:05.195517+00:00] analyzer request succeeded (attempt 1, response_chars=4610)
[DeepSeek][2026-07-21T17:16:20.728536+00:00] analyzer request succeeded (attempt 1, response_chars=8057)
[DeepSeek][2026-07-21T17:16:25.755971+00:00] analyzer request succeeded (attempt 1, response_chars=8258)
[DeepSeek][2026-07-21T17:17:30.240023+00:00] analyzer request failed (attempt 1): Request timed out.
[DeepSeek][2026-07-21T17:17:30.240135+00:00] analyzer request will retry
[DeepSeek][2026-07-21T17:17:31.240253+00:00] analyzer request started (attempt 2/3)
[DeepSeek][2026-07-21T17:19:00.175890+00:00] analyzer request succeeded (attempt 2, response_chars=16570)
[ColorPool] color=green round=4 completed accepted={0: 0, 1: 0, 2: 0, 3: 0, 4: 0} missing_bins=[0, 1, 2, 3, 4] color_complete=False
[DeepSeek][2026-07-21T17:19:00.177593+00:00] generator request started (attempt 1/3)
[DeepSeek][2026-07-21T17:19:00.182236+00:00] generator request started (attempt 1/3)
[DeepSeek][2026-07-21T17:19:00.184930+00:00] generator request started (attempt 1/3)
[DeepSeek][2026-07-21T17:19:00.187473+00:00] generator request started (attempt 1/3)
[DeepSeek][2026-07-21T17:19:00.190344+00:00] generator request started (attempt 1/3)
[DeepSeek][2026-07-21T17:19:14.382062+00:00] generator request succeeded (attempt 1, response_chars=1872)
[DeepSeek][2026-07-21T17:19:29.404799+00:00] generator request succeeded (attempt 1, response_chars=4389)
[DeepSeek][2026-07-21T17:19:30.875185+00:00] generator request succeeded (attempt 1, response_chars=4437)
[DeepSeek][2026-07-21T17:19:50.427761+00:00] generator request succeeded (attempt 1, response_chars=8793)
[DeepSeek][2026-07-21T17:19:55.222792+00:00] generator request succeeded (attempt 1, response_chars=9901)
[DeepSeek][2026-07-21T17:20:03.705140+00:00] analyzer request started (attempt 1/3)
[DeepSeek][2026-07-21T17:20:03.715270+00:00] analyzer request started (attempt 1/3)
[DeepSeek][2026-07-21T17:20:03.723550+00:00] analyzer request started (attempt 1/3)
[DeepSeek][2026-07-21T17:20:03.731311+00:00] analyzer request started (attempt 1/3)
[DeepSeek][2026-07-21T17:20:03.738373+00:00] analyzer request started (attempt 1/3)
[DeepSeek][2026-07-21T17:20:34.667627+00:00] analyzer request succeeded (attempt 1, response_chars=4184)
[DeepSeek][2026-07-21T17:20:39.462987+00:00] analyzer request succeeded (attempt 1, response_chars=4903)
[DeepSeek][2026-07-21T17:20:43.604087+00:00] analyzer request succeeded (attempt 1, response_chars=5938)
[DeepSeek][2026-07-21T17:21:20.609393+00:00] analyzer request succeeded (attempt 1, response_chars=13460)
[DeepSeek][2026-07-21T17:22:03.880781+00:00] analyzer request failed (attempt 1): Request timed out.
[DeepSeek][2026-07-21T17:22:03.880887+00:00] analyzer request will retry
[DeepSeek][2026-07-21T17:22:04.880954+00:00] analyzer request started (attempt 2/3)
[DeepSeek][2026-07-21T17:23:36.734844+00:00] analyzer request succeeded (attempt 2, response_chars=16956)
[ColorPool] color=green round=5 completed accepted={0: 0, 1: 0, 2: 0, 3: 0, 4: 0} missing_bins=[0, 1, 2, 3, 4] color_complete=False
[DeepSeek][2026-07-21T17:23:36.812655+00:00] generator request started (attempt 1/3)
[DeepSeek][2026-07-21T17:23:36.814415+00:00] generator request started (attempt 1/3)
[DeepSeek][2026-07-21T17:23:36.818896+00:00] generator request started (attempt 1/3)
[DeepSeek][2026-07-21T17:23:36.821983+00:00] generator request started (attempt 1/3)
[DeepSeek][2026-07-21T17:23:36.824628+00:00] generator request started (attempt 1/3)
[DeepSeek][2026-07-21T17:23:52.093557+00:00] generator request succeeded (attempt 1, response_chars=2137)
[DeepSeek][2026-07-21T17:24:02.577752+00:00] generator request succeeded (attempt 1, response_chars=3666)
[DeepSeek][2026-07-21T17:24:03.796548+00:00] generator request succeeded (attempt 1, response_chars=4023)
[DeepSeek][2026-07-21T17:24:26.071609+00:00] generator request succeeded (attempt 1, response_chars=7142)
[DeepSeek][2026-07-21T17:24:26.612034+00:00] generator request succeeded (attempt 1, response_chars=7709)
[DeepSeek][2026-07-21T17:24:40.095449+00:00] analyzer request started (attempt 1/3)
[DeepSeek][2026-07-21T17:24:40.103032+00:00] analyzer request started (attempt 1/3)
[DeepSeek][2026-07-21T17:24:40.108002+00:00] analyzer request started (attempt 1/3)
[DeepSeek][2026-07-21T17:24:40.111258+00:00] analyzer request started (attempt 1/3)
[DeepSeek][2026-07-21T17:24:40.113685+00:00] analyzer request started (attempt 1/3)
[DeepSeek][2026-07-21T17:25:01.606894+00:00] analyzer request succeeded (attempt 1, response_chars=2687)
[DeepSeek][2026-07-21T17:25:04.313614+00:00] analyzer request succeeded (attempt 1, response_chars=3159)
[DeepSeek][2026-07-21T17:25:09.313498+00:00] analyzer request succeeded (attempt 1, response_chars=3631)
[DeepSeek][2026-07-21T17:25:19.545321+00:00] analyzer request succeeded (attempt 1, response_chars=5288)
[DeepSeek][2026-07-21T17:25:58.011661+00:00] analyzer request succeeded (attempt 1, response_chars=12683)
[ColorPool] color=blue round=1 completed accepted={0: 0, 1: 0, 2: 0, 3: 0, 4: 0} missing_bins=[0, 1, 2, 3, 4] color_complete=False
[DeepSeek][2026-07-21T17:25:58.013420+00:00] generator request started (attempt 1/3)
[DeepSeek][2026-07-21T17:25:58.016771+00:00] generator request started (attempt 1/3)
[DeepSeek][2026-07-21T17:25:58.019842+00:00] generator request started (attempt 1/3)
[DeepSeek][2026-07-21T17:25:58.022790+00:00] generator request started (attempt 1/3)
[DeepSeek][2026-07-21T17:25:58.026057+00:00] generator request started (attempt 1/3)
[DeepSeek][2026-07-21T17:26:13.016831+00:00] generator request succeeded (attempt 1, response_chars=2138)
[DeepSeek][2026-07-21T17:26:26.100670+00:00] generator request succeeded (attempt 1, response_chars=4063)
[DeepSeek][2026-07-21T17:26:26.789637+00:00] generator request succeeded (attempt 1, response_chars=3870)
[DeepSeek][2026-07-21T17:26:42.310424+00:00] generator request succeeded (attempt 1, response_chars=6534)
[DeepSeek][2026-07-21T17:26:49.763267+00:00] generator request succeeded (attempt 1, response_chars=7558)
[DeepSeek][2026-07-21T17:27:08.655830+00:00] analyzer request started (attempt 1/3)
[DeepSeek][2026-07-21T17:27:08.664306+00:00] analyzer request started (attempt 1/3)
[DeepSeek][2026-07-21T17:27:08.669541+00:00] analyzer request started (attempt 1/3)
[DeepSeek][2026-07-21T17:27:08.674016+00:00] analyzer request started (attempt 1/3)
[DeepSeek][2026-07-21T17:27:08.678847+00:00] analyzer request started (attempt 1/3)
[DeepSeek][2026-07-21T17:27:38.058834+00:00] analyzer request succeeded (attempt 1, response_chars=3882)
[DeepSeek][2026-07-21T17:27:40.551181+00:00] analyzer request succeeded (attempt 1, response_chars=4543)
[DeepSeek][2026-07-21T17:27:45.307042+00:00] analyzer request succeeded (attempt 1, response_chars=5021)
[DeepSeek][2026-07-21T17:27:49.782818+00:00] analyzer request succeeded (attempt 1, response_chars=5801)
[DeepSeek][2026-07-21T17:28:56.876709+00:00] analyzer request succeeded (attempt 1, response_chars=16761)
[ColorPool] color=blue round=2 completed accepted={0: 0, 1: 0, 2: 0, 3: 0, 4: 0} missing_bins=[0, 1, 2, 3, 4] color_complete=False
[DeepSeek][2026-07-21T17:28:56.878379+00:00] generator request started (attempt 1/3)
[DeepSeek][2026-07-21T17:28:56.881878+00:00] generator request started (attempt 1/3)
[DeepSeek][2026-07-21T17:28:56.885322+00:00] generator request started (attempt 1/3)
[DeepSeek][2026-07-21T17:28:56.888283+00:00] generator request started (attempt 1/3)
[DeepSeek][2026-07-21T17:28:56.891372+00:00] generator request started (attempt 1/3)
[DeepSeek][2026-07-21T17:29:12.093366+00:00] generator request succeeded (attempt 1, response_chars=2134)
[DeepSeek][2026-07-21T17:29:20.715381+00:00] generator request succeeded (attempt 1, response_chars=3904)
[DeepSeek][2026-07-21T17:29:22.258061+00:00] generator request succeeded (attempt 1, response_chars=3999)
[DeepSeek][2026-07-21T17:29:36.712090+00:00] generator request succeeded (attempt 1, response_chars=7431)
[DeepSeek][2026-07-21T17:29:37.639654+00:00] generator request succeeded (attempt 1, response_chars=7905)
[DeepSeek][2026-07-21T17:29:53.992097+00:00] analyzer request started (attempt 1/3)
[DeepSeek][2026-07-21T17:29:54.002002+00:00] analyzer request started (attempt 1/3)
[DeepSeek][2026-07-21T17:29:54.008594+00:00] analyzer request started (attempt 1/3)
[DeepSeek][2026-07-21T17:29:54.013418+00:00] analyzer request started (attempt 1/3)
[DeepSeek][2026-07-21T17:29:54.018790+00:00] analyzer request started (attempt 1/3)
[DeepSeek][2026-07-21T17:30:27.034132+00:00] analyzer request succeeded (attempt 1, response_chars=4433)
[DeepSeek][2026-07-21T17:30:31.883931+00:00] analyzer request succeeded (attempt 1, response_chars=5137)
[DeepSeek][2026-07-21T17:30:39.730248+00:00] analyzer request succeeded (attempt 1, response_chars=6677)
[DeepSeek][2026-07-21T17:30:40.891568+00:00] analyzer request succeeded (attempt 1, response_chars=6394)
[DeepSeek][2026-07-21T17:30:50.073141+00:00] analyzer request succeeded (attempt 1, response_chars=7692)
[ColorPool] color=blue round=3 completed accepted={0: 0, 1: 0, 2: 0, 3: 0, 4: 0} missing_bins=[0, 1, 2, 3, 4] color_complete=False
[DeepSeek][2026-07-21T17:30:50.074774+00:00] generator request started (attempt 1/3)
[DeepSeek][2026-07-21T17:30:50.078250+00:00] generator request started (attempt 1/3)
[DeepSeek][2026-07-21T17:30:50.081419+00:00] generator request started (attempt 1/3)
[DeepSeek][2026-07-21T17:30:50.084344+00:00] generator request started (attempt 1/3)
[DeepSeek][2026-07-21T17:30:50.087389+00:00] generator request started (attempt 1/3)
[DeepSeek][2026-07-21T17:31:07.953695+00:00] generator request succeeded (attempt 1, response_chars=2497)
[DeepSeek][2026-07-21T17:31:17.135379+00:00] generator request succeeded (attempt 1, response_chars=4057)
[DeepSeek][2026-07-21T17:31:17.931172+00:00] generator request succeeded (attempt 1, response_chars=4081)
[DeepSeek][2026-07-21T17:31:41.283121+00:00] generator request succeeded (attempt 1, response_chars=7980)
[DeepSeek][2026-07-21T17:31:49.047716+00:00] generator request succeeded (attempt 1, response_chars=9570)
[DeepSeek][2026-07-21T17:31:59.699065+00:00] analyzer request started (attempt 1/3)
[DeepSeek][2026-07-21T17:31:59.708768+00:00] analyzer request started (attempt 1/3)
[DeepSeek][2026-07-21T17:31:59.715323+00:00] analyzer request started (attempt 1/3)
[DeepSeek][2026-07-21T17:31:59.720613+00:00] analyzer request started (attempt 1/3)
[DeepSeek][2026-07-21T17:31:59.726532+00:00] analyzer request started (attempt 1/3)
[DeepSeek][2026-07-21T17:32:41.216476+00:00] analyzer request succeeded (attempt 1, response_chars=5968)
[DeepSeek][2026-07-21T17:32:47.406618+00:00] analyzer request succeeded (attempt 1, response_chars=6762)
[DeepSeek][2026-07-21T17:32:48.349649+00:00] analyzer request succeeded (attempt 1, response_chars=7069)
[DeepSeek][2026-07-21T17:32:55.923825+00:00] analyzer request succeeded (attempt 1, response_chars=8702)
[DeepSeek][2026-07-21T17:32:56.672497+00:00] analyzer request succeeded (attempt 1, response_chars=7937)
[ColorPool] color=blue round=4 completed accepted={0: 0, 1: 0, 2: 0, 3: 0, 4: 0} missing_bins=[0, 1, 2, 3, 4] color_complete=False
[DeepSeek][2026-07-21T17:32:56.674096+00:00] generator request started (attempt 1/3)
[DeepSeek][2026-07-21T17:32:56.677507+00:00] generator request started (attempt 1/3)
[DeepSeek][2026-07-21T17:32:56.680993+00:00] generator request started (attempt 1/3)
[DeepSeek][2026-07-21T17:32:56.684239+00:00] generator request started (attempt 1/3)
[DeepSeek][2026-07-21T17:32:56.687369+00:00] generator request started (attempt 1/3)
[DeepSeek][2026-07-21T17:33:11.929392+00:00] generator request succeeded (attempt 1, response_chars=2107)
[DeepSeek][2026-07-21T17:33:22.320158+00:00] generator request succeeded (attempt 1, response_chars=3817)
[DeepSeek][2026-07-21T17:33:22.791657+00:00] generator request succeeded (attempt 1, response_chars=3776)
[DeepSeek][2026-07-21T17:33:45.702327+00:00] generator request succeeded (attempt 1, response_chars=7733)
[DeepSeek][2026-07-21T17:33:50.219431+00:00] generator request succeeded (attempt 1, response_chars=8920)
[DeepSeek][2026-07-21T17:33:58.792413+00:00] analyzer request started (attempt 1/3)
[DeepSeek][2026-07-21T17:33:58.799929+00:00] analyzer request started (attempt 1/3)
[DeepSeek][2026-07-21T17:33:58.806619+00:00] analyzer request started (attempt 1/3)
[DeepSeek][2026-07-21T17:33:58.811847+00:00] analyzer request started (attempt 1/3)
[DeepSeek][2026-07-21T17:33:58.818057+00:00] analyzer request started (attempt 1/3)
[DeepSeek][2026-07-21T17:34:34.506494+00:00] analyzer request succeeded (attempt 1, response_chars=5320)
[DeepSeek][2026-07-21T17:34:37.745149+00:00] analyzer request succeeded (attempt 1, response_chars=5692)
[DeepSeek][2026-07-21T17:34:45.763045+00:00] analyzer request succeeded (attempt 1, response_chars=7470)
[DeepSeek][2026-07-21T17:34:46.419726+00:00] analyzer request succeeded (attempt 1, response_chars=6952)
[DeepSeek][2026-07-21T17:34:52.260626+00:00] analyzer request succeeded (attempt 1, response_chars=8124)
[ColorPool] color=blue round=5 completed accepted={0: 0, 1: 0, 2: 0, 3: 0, 4: 0} missing_bins=[0, 1, 2, 3, 4] color_complete=False
[DeepSeek][2026-07-21T17:34:52.343478+00:00] generator request started (attempt 1/3)
[DeepSeek][2026-07-21T17:34:52.346667+00:00] generator request started (attempt 1/3)
[DeepSeek][2026-07-21T17:34:52.349646+00:00] generator request started (attempt 1/3)
[DeepSeek][2026-07-21T17:34:52.352636+00:00] generator request started (attempt 1/3)
[DeepSeek][2026-07-21T17:34:52.354157+00:00] generator request started (attempt 1/3)
[DeepSeek][2026-07-21T17:35:07.931479+00:00] generator request succeeded (attempt 1, response_chars=2209)
[DeepSeek][2026-07-21T17:35:19.371657+00:00] generator request succeeded (attempt 1, response_chars=4176)
[DeepSeek][2026-07-21T17:35:19.605156+00:00] generator request succeeded (attempt 1, response_chars=4029)
[DeepSeek][2026-07-21T17:35:33.957305+00:00] generator request succeeded (attempt 1, response_chars=6497)
[DeepSeek][2026-07-21T17:35:34.492653+00:00] generator request succeeded (attempt 1, response_chars=6836)
[DeepSeek][2026-07-21T17:35:52.164323+00:00] analyzer request started (attempt 1/3)
[DeepSeek][2026-07-21T17:35:52.171865+00:00] analyzer request started (attempt 1/3)
[DeepSeek][2026-07-21T17:35:52.178116+00:00] analyzer request started (attempt 1/3)
[DeepSeek][2026-07-21T17:35:52.182425+00:00] analyzer request started (attempt 1/3)
[DeepSeek][2026-07-21T17:35:52.186921+00:00] analyzer request started (attempt 1/3)
[DeepSeek][2026-07-21T17:36:19.747711+00:00] analyzer request succeeded (attempt 1, response_chars=3834)
[DeepSeek][2026-07-21T17:36:20.233385+00:00] analyzer request succeeded (attempt 1, response_chars=4073)
[DeepSeek][2026-07-21T17:36:23.718894+00:00] analyzer request succeeded (attempt 1, response_chars=4753)
[DeepSeek][2026-07-21T17:36:27.631834+00:00] analyzer request succeeded (attempt 1, response_chars=5012)
[DeepSeek][2026-07-21T17:36:36.831518+00:00] analyzer request succeeded (attempt 1, response_chars=6762)
[ColorPool] color=cyan round=1 completed accepted={0: 0, 1: 0, 2: 0, 3: 0, 4: 0} missing_bins=[0, 1, 2, 3, 4] color_complete=False
[DeepSeek][2026-07-21T17:36:36.833126+00:00] generator request started (attempt 1/3)
[DeepSeek][2026-07-21T17:36:36.836387+00:00] generator request started (attempt 1/3)
[DeepSeek][2026-07-21T17:36:36.839568+00:00] generator request started (attempt 1/3)
[DeepSeek][2026-07-21T17:36:36.842441+00:00] generator request started (attempt 1/3)
[DeepSeek][2026-07-21T17:36:36.845449+00:00] generator request started (attempt 1/3)
[DeepSeek][2026-07-21T17:36:52.076960+00:00] generator request succeeded (attempt 1, response_chars=2178)
[DeepSeek][2026-07-21T17:37:05.179681+00:00] generator request succeeded (attempt 1, response_chars=4356)
[DeepSeek][2026-07-21T17:37:09.917765+00:00] generator request succeeded (attempt 1, response_chars=5208)
[DeepSeek][2026-07-21T17:37:30.908834+00:00] generator request succeeded (attempt 1, response_chars=8667)
[DeepSeek][2026-07-21T17:37:32.864168+00:00] generator request succeeded (attempt 1, response_chars=8814)
[DeepSeek][2026-07-21T17:37:40.261695+00:00] analyzer request started (attempt 1/3)
[DeepSeek][2026-07-21T17:37:40.269903+00:00] analyzer request started (attempt 1/3)
[DeepSeek][2026-07-21T17:37:40.275851+00:00] analyzer request started (attempt 1/3)
[DeepSeek][2026-07-21T17:37:40.280147+00:00] analyzer request started (attempt 1/3)
[DeepSeek][2026-07-21T17:37:40.285120+00:00] analyzer request started (attempt 1/3)
[DeepSeek][2026-07-21T17:38:10.331247+00:00] analyzer request succeeded (attempt 1, response_chars=4370)
[DeepSeek][2026-07-21T17:38:10.742428+00:00] analyzer request succeeded (attempt 1, response_chars=4380)
[DeepSeek][2026-07-21T17:38:12.575915+00:00] analyzer request succeeded (attempt 1, response_chars=4893)
[DeepSeek][2026-07-21T17:38:22.214573+00:00] analyzer request succeeded (attempt 1, response_chars=6366)
[DeepSeek][2026-07-21T17:38:35.639745+00:00] analyzer request succeeded (attempt 1, response_chars=8598)
[ColorPool] color=cyan round=2 completed accepted={0: 0, 1: 0, 2: 0, 3: 0, 4: 0} missing_bins=[0, 1, 2, 3, 4] color_complete=False
[DeepSeek][2026-07-21T17:38:35.641192+00:00] generator request started (attempt 1/3)
[DeepSeek][2026-07-21T17:38:35.644266+00:00] generator request started (attempt 1/3)
[DeepSeek][2026-07-21T17:38:35.647671+00:00] generator request started (attempt 1/3)
[DeepSeek][2026-07-21T17:38:35.649855+00:00] generator request started (attempt 1/3)
[DeepSeek][2026-07-21T17:38:35.651904+00:00] generator request started (attempt 1/3)
[DeepSeek][2026-07-21T17:38:51.505910+00:00] generator request succeeded (attempt 1, response_chars=2286)
[DeepSeek][2026-07-21T17:39:04.846407+00:00] generator request succeeded (attempt 1, response_chars=4206)
[DeepSeek][2026-07-21T17:39:12.966041+00:00] generator request succeeded (attempt 1, response_chars=5643)
[DeepSeek][2026-07-21T17:39:28.599455+00:00] generator request succeeded (attempt 1, response_chars=7960)
[DeepSeek][2026-07-21T17:39:31.687279+00:00] generator request succeeded (attempt 1, response_chars=8464)
[DeepSeek][2026-07-21T17:39:48.234337+00:00] analyzer request started (attempt 1/3)
[DeepSeek][2026-07-21T17:39:48.242752+00:00] analyzer request started (attempt 1/3)
[DeepSeek][2026-07-21T17:39:48.251060+00:00] analyzer request started (attempt 1/3)
[DeepSeek][2026-07-21T17:39:48.255918+00:00] analyzer request started (attempt 1/3)
[DeepSeek][2026-07-21T17:39:48.261860+00:00] analyzer request started (attempt 1/3)
[DeepSeek][2026-07-21T17:40:15.646514+00:00] analyzer request succeeded (attempt 1, response_chars=4240)
[DeepSeek][2026-07-21T17:40:23.330633+00:00] analyzer request succeeded (attempt 1, response_chars=5200)
[DeepSeek][2026-07-21T17:40:30.447813+00:00] analyzer request succeeded (attempt 1, response_chars=6575)
[DeepSeek][2026-07-21T17:40:36.824985+00:00] analyzer request succeeded (attempt 1, response_chars=7491)
[DeepSeek][2026-07-21T17:40:48.381044+00:00] analyzer request succeeded (attempt 1, response_chars=9548)
[ColorPool] color=cyan round=3 completed accepted={0: 0, 1: 0, 2: 1, 3: 1, 4: 0} missing_bins=[0, 1, 2, 3, 4] color_complete=False
[DeepSeek][2026-07-21T17:40:48.382622+00:00] generator request started (attempt 1/3)
[DeepSeek][2026-07-21T17:40:48.386192+00:00] generator request started (attempt 1/3)
[DeepSeek][2026-07-21T17:40:48.389232+00:00] generator request started (attempt 1/3)
[DeepSeek][2026-07-21T17:40:48.392188+00:00] generator request started (attempt 1/3)
[DeepSeek][2026-07-21T17:40:48.395321+00:00] generator request started (attempt 1/3)
[DeepSeek][2026-07-21T17:41:05.542566+00:00] generator request succeeded (attempt 1, response_chars=2320)
[DeepSeek][2026-07-21T17:41:22.903777+00:00] generator request succeeded (attempt 1, response_chars=5046)
[DeepSeek][2026-07-21T17:41:32.513916+00:00] generator request succeeded (attempt 1, response_chars=6432)
[DeepSeek][2026-07-21T17:41:44.278596+00:00] generator request succeeded (attempt 1, response_chars=9182)
[DeepSeek][2026-07-21T17:41:48.870300+00:00] generator request succeeded (attempt 1, response_chars=9189)
[DeepSeek][2026-07-21T17:42:02.327574+00:00] analyzer request started (attempt 1/3)
[DeepSeek][2026-07-21T17:42:02.338936+00:00] analyzer request started (attempt 1/3)
[DeepSeek][2026-07-21T17:42:02.346989+00:00] analyzer request started (attempt 1/3)
[DeepSeek][2026-07-21T17:42:02.354310+00:00] analyzer request started (attempt 1/3)
[DeepSeek][2026-07-21T17:42:02.361613+00:00] analyzer request started (attempt 1/3)
[DeepSeek][2026-07-21T17:42:29.899451+00:00] analyzer request succeeded (attempt 1, response_chars=4328)
[DeepSeek][2026-07-21T17:42:31.243622+00:00] analyzer request succeeded (attempt 1, response_chars=4563)
[DeepSeek][2026-07-21T17:42:46.681403+00:00] analyzer request succeeded (attempt 1, response_chars=6419)
[DeepSeek][2026-07-21T17:42:48.265779+00:00] analyzer request succeeded (attempt 1, response_chars=6970)
[DeepSeek][2026-07-21T17:43:04.637193+00:00] analyzer request succeeded (attempt 1, response_chars=10221)
[ColorPool] color=cyan round=4 completed accepted={0: 0, 1: 0, 2: 1, 3: 1, 4: 0} missing_bins=[0, 1, 2, 3, 4] color_complete=False
[DeepSeek][2026-07-21T17:43:04.638725+00:00] generator request started (attempt 1/3)
[DeepSeek][2026-07-21T17:43:04.642016+00:00] generator request started (attempt 1/3)
[DeepSeek][2026-07-21T17:43:04.645167+00:00] generator request started (attempt 1/3)
[DeepSeek][2026-07-21T17:43:04.648081+00:00] generator request started (attempt 1/3)
[DeepSeek][2026-07-21T17:43:04.651194+00:00] generator request started (attempt 1/3)
[DeepSeek][2026-07-21T17:43:22.366571+00:00] generator request succeeded (attempt 1, response_chars=2554)
[DeepSeek][2026-07-21T17:43:41.015353+00:00] generator request succeeded (attempt 1, response_chars=5264)
[DeepSeek][2026-07-21T17:43:44.211098+00:00] generator request succeeded (attempt 1, response_chars=6021)
[DeepSeek][2026-07-21T17:44:00.823242+00:00] generator request succeeded (attempt 1, response_chars=9389)
[DeepSeek][2026-07-21T17:44:09.428413+00:00] generator request succeeded (attempt 1, response_chars=9821)
[DeepSeek][2026-07-21T17:44:18.580189+00:00] analyzer request started (attempt 1/3)
[DeepSeek][2026-07-21T17:44:18.590037+00:00] analyzer request started (attempt 1/3)
[DeepSeek][2026-07-21T17:44:18.600573+00:00] analyzer request started (attempt 1/3)
[DeepSeek][2026-07-21T17:44:18.607156+00:00] analyzer request started (attempt 1/3)
[DeepSeek][2026-07-21T17:44:18.614951+00:00] analyzer request started (attempt 1/3)
[DeepSeek][2026-07-21T17:44:48.771521+00:00] analyzer request succeeded (attempt 1, response_chars=4538)
[DeepSeek][2026-07-21T17:45:01.794146+00:00] analyzer request succeeded (attempt 1, response_chars=6683)
[DeepSeek][2026-07-21T17:45:01.911220+00:00] analyzer request succeeded (attempt 1, response_chars=5945)
[DeepSeek][2026-07-21T17:45:03.651942+00:00] analyzer request succeeded (attempt 1, response_chars=6545)
[DeepSeek][2026-07-21T17:45:21.714867+00:00] analyzer request succeeded (attempt 1, response_chars=10596)
[ColorPool] color=cyan round=5 completed accepted={0: 0, 1: 0, 2: 3, 3: 3, 4: 0} missing_bins=[0, 1, 2, 3, 4] color_complete=False
[DeepSeek][2026-07-21T17:45:21.816789+00:00] generator request started (attempt 1/3)
[DeepSeek][2026-07-21T17:45:21.819467+00:00] generator request started (attempt 1/3)
[DeepSeek][2026-07-21T17:45:21.821132+00:00] generator request started (attempt 1/3)
[DeepSeek][2026-07-21T17:45:21.824160+00:00] generator request started (attempt 1/3)
[DeepSeek][2026-07-21T17:45:21.827184+00:00] generator request started (attempt 1/3)
[DeepSeek][2026-07-21T17:45:36.589249+00:00] generator request succeeded (attempt 1, response_chars=2010)
[DeepSeek][2026-07-21T17:45:51.522208+00:00] generator request succeeded (attempt 1, response_chars=4268)
[DeepSeek][2026-07-21T17:45:52.906160+00:00] generator request succeeded (attempt 1, response_chars=4536)
[DeepSeek][2026-07-21T17:46:07.823542+00:00] generator request succeeded (attempt 1, response_chars=7310)
[DeepSeek][2026-07-21T17:46:10.132799+00:00] generator request succeeded (attempt 1, response_chars=7396)
[DeepSeek][2026-07-21T17:46:19.508744+00:00] analyzer request started (attempt 1/3)
[DeepSeek][2026-07-21T17:46:19.513109+00:00] analyzer request started (attempt 1/3)
[DeepSeek][2026-07-21T17:46:19.517783+00:00] analyzer request started (attempt 1/3)
[DeepSeek][2026-07-21T17:46:19.522129+00:00] analyzer request started (attempt 1/3)
[DeepSeek][2026-07-21T17:46:19.525752+00:00] analyzer request started (attempt 1/3)
[DeepSeek][2026-07-21T17:46:39.030418+00:00] analyzer request succeeded (attempt 1, response_chars=2660)
[DeepSeek][2026-07-21T17:46:39.161442+00:00] analyzer request succeeded (attempt 1, response_chars=2548)
[DeepSeek][2026-07-21T17:46:39.286031+00:00] analyzer request succeeded (attempt 1, response_chars=2709)
[DeepSeek][2026-07-21T17:46:46.847013+00:00] analyzer request succeeded (attempt 1, response_chars=3701)
[DeepSeek][2026-07-21T17:46:47.559292+00:00] analyzer request succeeded (attempt 1, response_chars=3933)
[ColorPool] color=purple round=1 completed accepted={0: 0, 1: 0, 2: 0, 3: 2, 4: 0} missing_bins=[0, 1, 2, 3, 4] color_complete=False
[DeepSeek][2026-07-21T17:46:47.560790+00:00] generator request started (attempt 1/3)
[DeepSeek][2026-07-21T17:46:47.564024+00:00] generator request started (attempt 1/3)
[DeepSeek][2026-07-21T17:46:47.567383+00:00] generator request started (attempt 1/3)
[DeepSeek][2026-07-21T17:46:47.570669+00:00] generator request started (attempt 1/3)
[DeepSeek][2026-07-21T17:46:47.573594+00:00] generator request started (attempt 1/3)
[DeepSeek][2026-07-21T17:47:03.706955+00:00] generator request succeeded (attempt 1, response_chars=2080)
[DeepSeek][2026-07-21T17:47:16.748290+00:00] generator request succeeded (attempt 1, response_chars=4221)
[DeepSeek][2026-07-21T17:47:20.197468+00:00] generator request succeeded (attempt 1, response_chars=4462)
[DeepSeek][2026-07-21T17:47:36.659727+00:00] generator request succeeded (attempt 1, response_chars=6883)
[DeepSeek][2026-07-21T17:47:43.222816+00:00] generator request succeeded (attempt 1, response_chars=8198)
[DeepSeek][2026-07-21T17:47:55.439819+00:00] analyzer request started (attempt 1/3)
[DeepSeek][2026-07-21T17:47:55.447556+00:00] analyzer request started (attempt 1/3)
[DeepSeek][2026-07-21T17:47:55.453452+00:00] analyzer request started (attempt 1/3)
[DeepSeek][2026-07-21T17:47:55.458866+00:00] analyzer request started (attempt 1/3)
[DeepSeek][2026-07-21T17:47:55.463996+00:00] analyzer request started (attempt 1/3)
[DeepSeek][2026-07-21T17:48:23.156034+00:00] analyzer request succeeded (attempt 1, response_chars=3691)
[DeepSeek][2026-07-21T17:48:26.070923+00:00] analyzer request succeeded (attempt 1, response_chars=3734)
[DeepSeek][2026-07-21T17:48:32.519445+00:00] analyzer request succeeded (attempt 1, response_chars=5070)
[DeepSeek][2026-07-21T17:48:35.529857+00:00] analyzer request succeeded (attempt 1, response_chars=5251)
[DeepSeek][2026-07-21T17:48:38.151105+00:00] analyzer request succeeded (attempt 1, response_chars=6118)
[ColorPool] color=purple round=2 completed accepted={0: 0, 1: 0, 2: 0, 3: 3, 4: 0} missing_bins=[0, 1, 2, 3, 4] color_complete=False
[DeepSeek][2026-07-21T17:48:38.152735+00:00] generator request started (attempt 1/3)
[DeepSeek][2026-07-21T17:48:38.156153+00:00] generator request started (attempt 1/3)
[DeepSeek][2026-07-21T17:48:38.159515+00:00] generator request started (attempt 1/3)
[DeepSeek][2026-07-21T17:48:38.162709+00:00] generator request started (attempt 1/3)
[DeepSeek][2026-07-21T17:48:38.166936+00:00] generator request started (attempt 1/3)
[DeepSeek][2026-07-21T17:48:54.014331+00:00] generator request succeeded (attempt 1, response_chars=2021)
[DeepSeek][2026-07-21T17:49:08.978732+00:00] generator request succeeded (attempt 1, response_chars=4241)
[DeepSeek][2026-07-21T17:49:12.879601+00:00] generator request succeeded (attempt 1, response_chars=4784)
[DeepSeek][2026-07-21T17:49:25.951422+00:00] generator request succeeded (attempt 1, response_chars=7398)
[DeepSeek][2026-07-21T17:49:32.810118+00:00] generator request succeeded (attempt 1, response_chars=8076)
[DeepSeek][2026-07-21T17:49:48.529245+00:00] analyzer request started (attempt 1/3)
[DeepSeek][2026-07-21T17:49:48.534623+00:00] analyzer request started (attempt 1/3)
[DeepSeek][2026-07-21T17:49:48.539554+00:00] analyzer request started (attempt 1/3)
[DeepSeek][2026-07-21T17:49:48.543996+00:00] analyzer request started (attempt 1/3)
[DeepSeek][2026-07-21T17:50:10.358048+00:00] analyzer request succeeded (attempt 1, response_chars=3179)
[DeepSeek][2026-07-21T17:50:23.199700+00:00] analyzer request succeeded (attempt 1, response_chars=4902)
[DeepSeek][2026-07-21T17:50:30.259579+00:00] analyzer request succeeded (attempt 1, response_chars=6189)
[DeepSeek][2026-07-21T17:50:32.195160+00:00] analyzer request succeeded (attempt 1, response_chars=6757)
[ColorPool] color=purple round=3 completed accepted={0: 0, 1: 0, 2: 0, 3: 5, 4: 0} missing_bins=[0, 1, 2, 4] color_complete=False
[DeepSeek][2026-07-21T17:50:32.196610+00:00] generator request started (attempt 1/3)
[DeepSeek][2026-07-21T17:50:32.199959+00:00] generator request started (attempt 1/3)
[DeepSeek][2026-07-21T17:50:32.203323+00:00] generator request started (attempt 1/3)
[DeepSeek][2026-07-21T17:50:32.206501+00:00] generator request started (attempt 1/3)
[DeepSeek][2026-07-21T17:51:01.683665+00:00] generator request succeeded (attempt 1, response_chars=4148)
[DeepSeek][2026-07-21T17:51:06.815615+00:00] generator request succeeded (attempt 1, response_chars=5020)
[DeepSeek][2026-07-21T17:51:20.203573+00:00] generator request succeeded (attempt 1, response_chars=7186)
[DeepSeek][2026-07-21T17:51:24.074299+00:00] generator request succeeded (attempt 1, response_chars=7745)
[DeepSeek][2026-07-21T17:51:39.232768+00:00] analyzer request started (attempt 1/3)
[DeepSeek][2026-07-21T17:51:39.239625+00:00] analyzer request started (attempt 1/3)
[DeepSeek][2026-07-21T17:51:39.244638+00:00] analyzer request started (attempt 1/3)
[DeepSeek][2026-07-21T17:51:39.247137+00:00] analyzer request started (attempt 1/3)
[DeepSeek][2026-07-21T17:52:11.327920+00:00] analyzer request succeeded (attempt 1, response_chars=4852)
[DeepSeek][2026-07-21T17:52:15.031957+00:00] analyzer request succeeded (attempt 1, response_chars=5579)
[DeepSeek][2026-07-21T17:52:17.439501+00:00] analyzer request succeeded (attempt 1, response_chars=5554)
[DeepSeek][2026-07-21T17:52:23.079699+00:00] analyzer request succeeded (attempt 1, response_chars=6787)
[ColorPool] color=purple round=4 completed accepted={0: 0, 1: 0, 2: 0, 3: 5, 4: 0} missing_bins=[0, 1, 2, 4] color_complete=False
[DeepSeek][2026-07-21T17:52:23.081298+00:00] generator request started (attempt 1/3)
[DeepSeek][2026-07-21T17:52:23.084735+00:00] generator request started (attempt 1/3)
[DeepSeek][2026-07-21T17:52:23.087923+00:00] generator request started (attempt 1/3)
[DeepSeek][2026-07-21T17:52:23.090869+00:00] generator request started (attempt 1/3)
[DeepSeek][2026-07-21T17:52:51.094129+00:00] generator request succeeded (attempt 1, response_chars=4330)
[DeepSeek][2026-07-21T17:52:53.334743+00:00] generator request succeeded (attempt 1, response_chars=4691)
[DeepSeek][2026-07-21T17:53:13.811648+00:00] generator request succeeded (attempt 1, response_chars=7956)
[DeepSeek][2026-07-21T17:53:16.982830+00:00] generator request succeeded (attempt 1, response_chars=8846)
[DeepSeek][2026-07-21T17:53:32.369411+00:00] analyzer request started (attempt 1/3)
[DeepSeek][2026-07-21T17:53:32.379382+00:00] analyzer request started (attempt 1/3)
[DeepSeek][2026-07-21T17:53:32.384336+00:00] analyzer request started (attempt 1/3)
[DeepSeek][2026-07-21T17:53:32.389379+00:00] analyzer request started (attempt 1/3)
[DeepSeek][2026-07-21T17:54:01.618108+00:00] analyzer request succeeded (attempt 1, response_chars=4647)
[DeepSeek][2026-07-21T17:54:16.610663+00:00] analyzer request succeeded (attempt 1, response_chars=6063)
[DeepSeek][2026-07-21T17:54:18.316638+00:00] analyzer request succeeded (attempt 1, response_chars=7787)
[DeepSeek][2026-07-21T17:54:24.421855+00:00] analyzer request succeeded (attempt 1, response_chars=8877)
[ColorPool] color=purple round=5 completed accepted={0: 0, 1: 0, 2: 1, 3: 5, 4: 0} missing_bins=[0, 1, 2, 4] color_complete=False
[DeepSeek][2026-07-21T17:54:24.514042+00:00] generator request started (attempt 1/3)
[DeepSeek][2026-07-21T17:54:24.517814+00:00] generator request started (attempt 1/3)
[DeepSeek][2026-07-21T17:54:24.521833+00:00] generator request started (attempt 1/3)
[DeepSeek][2026-07-21T17:54:24.523240+00:00] generator request started (attempt 1/3)
[DeepSeek][2026-07-21T17:54:24.526507+00:00] generator request started (attempt 1/3)
[DeepSeek][2026-07-21T17:54:42.111448+00:00] generator request failed (attempt 1): Expecting ',' delimiter: line 3 column 14 (char 34)
[DeepSeek][2026-07-21T17:54:42.111546+00:00] generator request will retry
[DeepSeek][2026-07-21T17:54:43.111638+00:00] generator request started (attempt 2/3)
[DeepSeek][2026-07-21T17:54:51.472212+00:00] generator request succeeded (attempt 1, response_chars=4014)
[DeepSeek][2026-07-21T17:54:53.047473+00:00] generator request succeeded (attempt 1, response_chars=4110)
[DeepSeek][2026-07-21T17:54:58.579590+00:00] generator request succeeded (attempt 2, response_chars=2229)
[DeepSeek][2026-07-21T17:55:08.483074+00:00] generator request succeeded (attempt 1, response_chars=6698)
[DeepSeek][2026-07-21T17:55:14.412718+00:00] generator request succeeded (attempt 1, response_chars=7517)
[DeepSeek][2026-07-21T17:55:19.063293+00:00] analyzer request started (attempt 1/3)
[DeepSeek][2026-07-21T17:55:19.067289+00:00] analyzer request started (attempt 1/3)
[DeepSeek][2026-07-21T17:55:19.071434+00:00] analyzer request started (attempt 1/3)
[DeepSeek][2026-07-21T17:55:19.076432+00:00] analyzer request started (attempt 1/3)
[DeepSeek][2026-07-21T17:55:19.079085+00:00] analyzer request started (attempt 1/3)
[DeepSeek][2026-07-21T17:55:35.250760+00:00] analyzer request succeeded (attempt 1, response_chars=2335)
[DeepSeek][2026-07-21T17:55:37.813220+00:00] analyzer request succeeded (attempt 1, response_chars=2781)
[DeepSeek][2026-07-21T17:55:42.791185+00:00] analyzer request succeeded (attempt 1, response_chars=3537)
[DeepSeek][2026-07-21T17:55:45.900190+00:00] analyzer request succeeded (attempt 1, response_chars=3885)
[DeepSeek][2026-07-21T17:55:54.267278+00:00] analyzer request succeeded (attempt 1, response_chars=5400)
[ColorPool] color=pink round=1 completed accepted={0: 0, 1: 0, 2: 0, 3: 0, 4: 0} missing_bins=[0, 1, 2, 3, 4] color_complete=False
[DeepSeek][2026-07-21T17:55:54.268856+00:00] generator request started (attempt 1/3)
[DeepSeek][2026-07-21T17:55:54.272166+00:00] generator request started (attempt 1/3)
[DeepSeek][2026-07-21T17:55:54.275259+00:00] generator request started (attempt 1/3)
[DeepSeek][2026-07-21T17:55:54.278213+00:00] generator request started (attempt 1/3)
[DeepSeek][2026-07-21T17:55:54.281307+00:00] generator request started (attempt 1/3)
[DeepSeek][2026-07-21T17:56:10.345939+00:00] generator request succeeded (attempt 1, response_chars=2268)
[DeepSeek][2026-07-21T17:56:20.355319+00:00] generator request succeeded (attempt 1, response_chars=3891)
[DeepSeek][2026-07-21T17:56:22.598722+00:00] generator request succeeded (attempt 1, response_chars=4037)
[DeepSeek][2026-07-21T17:56:45.437533+00:00] generator request succeeded (attempt 1, response_chars=8393)
[DeepSeek][2026-07-21T17:56:52.142397+00:00] generator request succeeded (attempt 1, response_chars=8856)
[DeepSeek][2026-07-21T17:57:06.279785+00:00] analyzer request started (attempt 1/3)
[DeepSeek][2026-07-21T17:57:06.284890+00:00] analyzer request started (attempt 1/3)
[DeepSeek][2026-07-21T17:57:06.290378+00:00] analyzer request started (attempt 1/3)
[DeepSeek][2026-07-21T17:57:06.294533+00:00] analyzer request started (attempt 1/3)
[DeepSeek][2026-07-21T17:57:06.299299+00:00] analyzer request started (attempt 1/3)
[DeepSeek][2026-07-21T17:57:30.820432+00:00] analyzer request succeeded (attempt 1, response_chars=3460)
[DeepSeek][2026-07-21T17:57:36.710530+00:00] analyzer request succeeded (attempt 1, response_chars=4454)
[DeepSeek][2026-07-21T17:57:43.879552+00:00] analyzer request succeeded (attempt 1, response_chars=5972)
[DeepSeek][2026-07-21T17:57:44.410510+00:00] analyzer request succeeded (attempt 1, response_chars=5348)
[DeepSeek][2026-07-21T17:57:58.917881+00:00] analyzer request succeeded (attempt 1, response_chars=8448)
[ColorPool] color=pink round=2 completed accepted={0: 0, 1: 0, 2: 0, 3: 0, 4: 0} missing_bins=[0, 1, 2, 3, 4] color_complete=False
[DeepSeek][2026-07-21T17:57:58.919676+00:00] generator request started (attempt 1/3)
[DeepSeek][2026-07-21T17:57:58.923679+00:00] generator request started (attempt 1/3)
[DeepSeek][2026-07-21T17:57:58.925300+00:00] generator request started (attempt 1/3)
[DeepSeek][2026-07-21T17:57:58.928316+00:00] generator request started (attempt 1/3)
[DeepSeek][2026-07-21T17:57:58.930298+00:00] generator request started (attempt 1/3)
[DeepSeek][2026-07-21T17:58:14.374125+00:00] generator request succeeded (attempt 1, response_chars=2155)
[DeepSeek][2026-07-21T17:58:26.163650+00:00] generator request succeeded (attempt 1, response_chars=4248)
[DeepSeek][2026-07-21T17:58:32.585399+00:00] generator request succeeded (attempt 1, response_chars=4916)
[DeepSeek][2026-07-21T17:58:46.050758+00:00] generator request succeeded (attempt 1, response_chars=7980)
[DeepSeek][2026-07-21T17:58:59.430402+00:00] generator request succeeded (attempt 1, response_chars=9771)
[DeepSeek][2026-07-21T17:59:14.196807+00:00] analyzer request started (attempt 1/3)
[DeepSeek][2026-07-21T17:59:14.202301+00:00] analyzer request started (attempt 1/3)
[DeepSeek][2026-07-21T17:59:14.209197+00:00] analyzer request started (attempt 1/3)
[DeepSeek][2026-07-21T17:59:14.214166+00:00] analyzer request started (attempt 1/3)
[DeepSeek][2026-07-21T17:59:14.219518+00:00] analyzer request started (attempt 1/3)
[DeepSeek][2026-07-21T17:59:41.797580+00:00] analyzer request succeeded (attempt 1, response_chars=4157)
[DeepSeek][2026-07-21T17:59:43.134758+00:00] analyzer request succeeded (attempt 1, response_chars=4472)
[DeepSeek][2026-07-21T17:59:44.659925+00:00] analyzer request succeeded (attempt 1, response_chars=4395)
[DeepSeek][2026-07-21T18:00:04.748232+00:00] analyzer request succeeded (attempt 1, response_chars=7759)
[DeepSeek][2026-07-21T18:00:05.961640+00:00] analyzer request succeeded (attempt 1, response_chars=7944)
[ColorPool] color=pink round=3 completed accepted={0: 0, 1: 0, 2: 1, 3: 0, 4: 0} missing_bins=[0, 1, 2, 3, 4] color_complete=False
[DeepSeek][2026-07-21T18:00:05.963073+00:00] generator request started (attempt 1/3)
[DeepSeek][2026-07-21T18:00:05.966989+00:00] generator request started (attempt 1/3)
[DeepSeek][2026-07-21T18:00:05.970909+00:00] generator request started (attempt 1/3)
[DeepSeek][2026-07-21T18:00:05.974630+00:00] generator request started (attempt 1/3)
[DeepSeek][2026-07-21T18:00:05.977520+00:00] generator request started (attempt 1/3)
[DeepSeek][2026-07-21T18:00:22.217073+00:00] generator request succeeded (attempt 1, response_chars=2462)
[DeepSeek][2026-07-21T18:00:32.755356+00:00] generator request succeeded (attempt 1, response_chars=4066)
[DeepSeek][2026-07-21T18:00:41.908078+00:00] generator request succeeded (attempt 1, response_chars=5197)
[DeepSeek][2026-07-21T18:00:55.103588+00:00] generator request succeeded (attempt 1, response_chars=7757)
[DeepSeek][2026-07-21T18:01:22.393512+00:00] generator request succeeded (attempt 1, response_chars=12071)
[DeepSeek][2026-07-21T18:01:30.838393+00:00] analyzer request started (attempt 1/3)
[DeepSeek][2026-07-21T18:01:30.845747+00:00] analyzer request started (attempt 1/3)
[DeepSeek][2026-07-21T18:01:30.853801+00:00] analyzer request started (attempt 1/3)
[DeepSeek][2026-07-21T18:01:30.859094+00:00] analyzer request started (attempt 1/3)
[DeepSeek][2026-07-21T18:01:30.865026+00:00] analyzer request started (attempt 1/3)
[DeepSeek][2026-07-21T18:02:01.423976+00:00] analyzer request succeeded (attempt 1, response_chars=4702)
[DeepSeek][2026-07-21T18:02:04.843693+00:00] analyzer request succeeded (attempt 1, response_chars=5435)
[DeepSeek][2026-07-21T18:02:07.622670+00:00] analyzer request succeeded (attempt 1, response_chars=5744)
[DeepSeek][2026-07-21T18:02:10.996180+00:00] analyzer request succeeded (attempt 1, response_chars=5910)
[DeepSeek][2026-07-21T18:02:27.492397+00:00] analyzer request succeeded (attempt 1, response_chars=9847)
[ColorPool] color=pink round=4 completed accepted={0: 0, 1: 0, 2: 1, 3: 0, 4: 0} missing_bins=[0, 1, 2, 3, 4] color_complete=False
[DeepSeek][2026-07-21T18:02:27.493987+00:00] generator request started (attempt 1/3)
[DeepSeek][2026-07-21T18:02:27.497360+00:00] generator request started (attempt 1/3)
[DeepSeek][2026-07-21T18:02:27.500444+00:00] generator request started (attempt 1/3)
[DeepSeek][2026-07-21T18:02:27.503423+00:00] generator request started (attempt 1/3)
[DeepSeek][2026-07-21T18:02:27.506525+00:00] generator request started (attempt 1/3)
[DeepSeek][2026-07-21T18:02:45.916968+00:00] generator request succeeded (attempt 1, response_chars=2511)
[DeepSeek][2026-07-21T18:02:52.304109+00:00] generator request succeeded (attempt 1, response_chars=3994)
[DeepSeek][2026-07-21T18:03:00.434324+00:00] generator request succeeded (attempt 1, response_chars=5094)
[DeepSeek][2026-07-21T18:03:24.903804+00:00] generator request succeeded (attempt 1, response_chars=9757)
[DeepSeek][2026-07-21T18:03:44.023648+00:00] generator request succeeded (attempt 1, response_chars=12994)
[DeepSeek][2026-07-21T18:03:51.765293+00:00] analyzer request started (attempt 1/3)
[DeepSeek][2026-07-21T18:03:51.770401+00:00] analyzer request started (attempt 1/3)
[DeepSeek][2026-07-21T18:03:51.773370+00:00] analyzer request started (attempt 1/3)
[DeepSeek][2026-07-21T18:03:51.775366+00:00] analyzer request started (attempt 1/3)
[DeepSeek][2026-07-21T18:03:51.780043+00:00] analyzer request started (attempt 1/3)
[DeepSeek][2026-07-21T18:04:26.442688+00:00] analyzer request succeeded (attempt 1, response_chars=4711)
[DeepSeek][2026-07-21T18:04:27.303628+00:00] analyzer request succeeded (attempt 1, response_chars=5381)
[DeepSeek][2026-07-21T18:04:40.346822+00:00] analyzer request succeeded (attempt 1, response_chars=7602)
[DeepSeek][2026-07-21T18:04:40.933986+00:00] analyzer request succeeded (attempt 1, response_chars=7522)
[DeepSeek][2026-07-21T18:05:15.571092+00:00] analyzer request succeeded (attempt 1, response_chars=13800)
[ColorPool] color=pink round=5 completed accepted={0: 0, 1: 0, 2: 2, 3: 0, 4: 0} missing_bins=[0, 1, 2, 3, 4] color_complete=False
[DeepSeek][2026-07-21T18:05:15.670297+00:00] generator request started (attempt 1/3)
[DeepSeek][2026-07-21T18:05:15.673502+00:00] generator request started (attempt 1/3)
[DeepSeek][2026-07-21T18:05:15.676416+00:00] generator request started (attempt 1/3)
[DeepSeek][2026-07-21T18:05:15.679391+00:00] generator request started (attempt 1/3)
[DeepSeek][2026-07-21T18:05:15.681022+00:00] generator request started (attempt 1/3)
[DeepSeek][2026-07-21T18:05:31.561012+00:00] generator request succeeded (attempt 1, response_chars=2056)
[DeepSeek][2026-07-21T18:05:40.543111+00:00] generator request succeeded (attempt 1, response_chars=3791)
[DeepSeek][2026-07-21T18:05:44.359341+00:00] generator request succeeded (attempt 1, response_chars=3900)
[DeepSeek][2026-07-21T18:06:00.891311+00:00] generator request succeeded (attempt 1, response_chars=6817)
[DeepSeek][2026-07-21T18:06:03.705865+00:00] generator request succeeded (attempt 1, response_chars=7171)
[DeepSeek][2026-07-21T18:06:14.950611+00:00] analyzer request started (attempt 1/3)
[DeepSeek][2026-07-21T18:06:14.956017+00:00] analyzer request started (attempt 1/3)
[DeepSeek][2026-07-21T18:06:14.960988+00:00] analyzer request started (attempt 1/3)
[DeepSeek][2026-07-21T18:06:14.965356+00:00] analyzer request started (attempt 1/3)
[DeepSeek][2026-07-21T18:06:14.968949+00:00] analyzer request started (attempt 1/3)
[DeepSeek][2026-07-21T18:06:35.349684+00:00] analyzer request succeeded (attempt 1, response_chars=2719)
[DeepSeek][2026-07-21T18:06:38.578587+00:00] analyzer request succeeded (attempt 1, response_chars=3148)
[DeepSeek][2026-07-21T18:06:42.138042+00:00] analyzer request succeeded (attempt 1, response_chars=3836)
[DeepSeek][2026-07-21T18:06:44.128025+00:00] analyzer request succeeded (attempt 1, response_chars=3995)
[DeepSeek][2026-07-21T18:06:50.515125+00:00] analyzer request succeeded (attempt 1, response_chars=5655)
[ColorPool] color=brown round=1 completed accepted={0: 0, 1: 0, 2: 0, 3: 0, 4: 0} missing_bins=[0, 1, 2, 3, 4] color_complete=False
[DeepSeek][2026-07-21T18:06:50.516759+00:00] generator request started (attempt 1/3)
[DeepSeek][2026-07-21T18:06:50.520189+00:00] generator request started (attempt 1/3)
[DeepSeek][2026-07-21T18:06:50.523347+00:00] generator request started (attempt 1/3)
[DeepSeek][2026-07-21T18:06:50.526991+00:00] generator request started (attempt 1/3)
[DeepSeek][2026-07-21T18:06:50.530203+00:00] generator request started (attempt 1/3)
[DeepSeek][2026-07-21T18:07:06.271658+00:00] generator request succeeded (attempt 1, response_chars=2234)
[DeepSeek][2026-07-21T18:07:15.838741+00:00] generator request succeeded (attempt 1, response_chars=4008)
[DeepSeek][2026-07-21T18:07:16.577902+00:00] generator request succeeded (attempt 1, response_chars=3761)
[DeepSeek][2026-07-21T18:07:37.122844+00:00] generator request succeeded (attempt 1, response_chars=7107)
[DeepSeek][2026-07-21T18:07:48.739246+00:00] generator request succeeded (attempt 1, response_chars=8887)
[DeepSeek][2026-07-21T18:08:00.802628+00:00] analyzer request started (attempt 1/3)
[DeepSeek][2026-07-21T18:08:00.811549+00:00] analyzer request started (attempt 1/3)
[DeepSeek][2026-07-21T18:08:00.819337+00:00] analyzer request started (attempt 1/3)
[DeepSeek][2026-07-21T18:08:00.824405+00:00] analyzer request started (attempt 1/3)
[DeepSeek][2026-07-21T18:08:00.828196+00:00] analyzer request started (attempt 1/3)
[DeepSeek][2026-07-21T18:08:22.080455+00:00] analyzer request succeeded (attempt 1, response_chars=3384)
[DeepSeek][2026-07-21T18:08:27.974765+00:00] analyzer request succeeded (attempt 1, response_chars=4916)
[DeepSeek][2026-07-21T18:08:28.218054+00:00] analyzer request succeeded (attempt 1, response_chars=4531)
[DeepSeek][2026-07-21T18:08:31.003183+00:00] analyzer request succeeded (attempt 1, response_chars=5242)
[DeepSeek][2026-07-21T18:08:40.440421+00:00] analyzer request succeeded (attempt 1, response_chars=6674)
[ColorPool] color=brown round=2 completed accepted={0: 0, 1: 0, 2: 0, 3: 0, 4: 0} missing_bins=[0, 1, 2, 3, 4] color_complete=False
[DeepSeek][2026-07-21T18:08:40.441844+00:00] generator request started (attempt 1/3)
[DeepSeek][2026-07-21T18:08:40.444264+00:00] generator request started (attempt 1/3)
[DeepSeek][2026-07-21T18:08:40.446461+00:00] generator request started (attempt 1/3)
[DeepSeek][2026-07-21T18:08:40.448974+00:00] generator request started (attempt 1/3)
[DeepSeek][2026-07-21T18:08:40.451967+00:00] generator request started (attempt 1/3)
[DeepSeek][2026-07-21T18:08:55.197685+00:00] generator request succeeded (attempt 1, response_chars=1718)
[DeepSeek][2026-07-21T18:09:00.202442+00:00] generator request succeeded (attempt 1, response_chars=2796)
[DeepSeek][2026-07-21T18:09:11.436183+00:00] generator request succeeded (attempt 1, response_chars=4266)
[DeepSeek][2026-07-21T18:09:12.491236+00:00] generator request succeeded (attempt 1, response_chars=4320)
[DeepSeek][2026-07-21T18:09:25.193985+00:00] generator request succeeded (attempt 1, response_chars=6191)
[DeepSeek][2026-07-21T18:09:36.955648+00:00] analyzer request started (attempt 1/3)
[DeepSeek][2026-07-21T18:09:36.964545+00:00] analyzer request started (attempt 1/3)
[DeepSeek][2026-07-21T18:09:36.975121+00:00] analyzer request started (attempt 1/3)
[DeepSeek][2026-07-21T18:09:36.982812+00:00] analyzer request started (attempt 1/3)
[DeepSeek][2026-07-21T18:09:36.985862+00:00] analyzer request started (attempt 1/3)
[DeepSeek][2026-07-21T18:10:01.603735+00:00] analyzer request succeeded (attempt 1, response_chars=3317)
[DeepSeek][2026-07-21T18:10:08.526518+00:00] analyzer request succeeded (attempt 1, response_chars=4191)
[DeepSeek][2026-07-21T18:10:10.095271+00:00] analyzer request succeeded (attempt 1, response_chars=4326)
[DeepSeek][2026-07-21T18:10:16.430239+00:00] analyzer request succeeded (attempt 1, response_chars=5758)
[DeepSeek][2026-07-21T18:10:31.104397+00:00] analyzer request succeeded (attempt 1, response_chars=7697)
[ColorPool] color=brown round=3 completed accepted={0: 0, 1: 0, 2: 0, 3: 0, 4: 0} missing_bins=[0, 1, 2, 3, 4] color_complete=False
[DeepSeek][2026-07-21T18:10:31.106538+00:00] generator request started (attempt 1/3)
[DeepSeek][2026-07-21T18:10:31.109928+00:00] generator request started (attempt 1/3)
[DeepSeek][2026-07-21T18:10:31.113198+00:00] generator request started (attempt 1/3)
[DeepSeek][2026-07-21T18:10:31.116391+00:00] generator request started (attempt 1/3)
[DeepSeek][2026-07-21T18:10:31.119215+00:00] generator request started (attempt 1/3)
[DeepSeek][2026-07-21T18:10:45.678015+00:00] generator request succeeded (attempt 1, response_chars=1877)
[DeepSeek][2026-07-21T18:10:57.820336+00:00] generator request succeeded (attempt 1, response_chars=3573)
[DeepSeek][2026-07-21T18:11:00.104771+00:00] generator request succeeded (attempt 1, response_chars=3920)
[DeepSeek][2026-07-21T18:11:15.128744+00:00] generator request succeeded (attempt 1, response_chars=6401)
[DeepSeek][2026-07-21T18:11:24.532057+00:00] generator request succeeded (attempt 1, response_chars=7653)
[DeepSeek][2026-07-21T18:11:33.987947+00:00] analyzer request started (attempt 1/3)
[DeepSeek][2026-07-21T18:11:33.997256+00:00] analyzer request started (attempt 1/3)
[DeepSeek][2026-07-21T18:11:34.009294+00:00] analyzer request started (attempt 1/3)
[DeepSeek][2026-07-21T18:11:34.015987+00:00] analyzer request started (attempt 1/3)
[DeepSeek][2026-07-21T18:11:34.021821+00:00] analyzer request started (attempt 1/3)
[DeepSeek][2026-07-21T18:11:57.459960+00:00] analyzer request succeeded (attempt 1, response_chars=3376)
[DeepSeek][2026-07-21T18:12:08.071821+00:00] analyzer request succeeded (attempt 1, response_chars=4513)
[DeepSeek][2026-07-21T18:12:08.865837+00:00] analyzer request succeeded (attempt 1, response_chars=4798)
[DeepSeek][2026-07-21T18:12:13.551639+00:00] analyzer request succeeded (attempt 1, response_chars=5853)
[DeepSeek][2026-07-21T18:12:32.629609+00:00] analyzer request succeeded (attempt 1, response_chars=8731)
[ColorPool] color=brown round=4 completed accepted={0: 0, 1: 0, 2: 0, 3: 0, 4: 0} missing_bins=[0, 1, 2, 3, 4] color_complete=False
[DeepSeek][2026-07-21T18:12:32.631182+00:00] generator request started (attempt 1/3)
[DeepSeek][2026-07-21T18:12:32.634502+00:00] generator request started (attempt 1/3)
[DeepSeek][2026-07-21T18:12:32.637788+00:00] generator request started (attempt 1/3)
[DeepSeek][2026-07-21T18:12:32.640715+00:00] generator request started (attempt 1/3)
[DeepSeek][2026-07-21T18:12:32.643646+00:00] generator request started (attempt 1/3)
[DeepSeek][2026-07-21T18:12:49.722851+00:00] generator request succeeded (attempt 1, response_chars=2068)
[DeepSeek][2026-07-21T18:13:01.640643+00:00] generator request succeeded (attempt 1, response_chars=3935)
[DeepSeek][2026-07-21T18:13:05.405509+00:00] generator request succeeded (attempt 1, response_chars=4623)
[DeepSeek][2026-07-21T18:13:17.254275+00:00] generator request succeeded (attempt 1, response_chars=6226)
[DeepSeek][2026-07-21T18:13:32.207840+00:00] generator request succeeded (attempt 1, response_chars=8291)
[DeepSeek][2026-07-21T18:13:39.229200+00:00] analyzer request started (attempt 1/3)
[DeepSeek][2026-07-21T18:13:39.235098+00:00] analyzer request started (attempt 1/3)
[DeepSeek][2026-07-21T18:13:39.247380+00:00] analyzer request started (attempt 1/3)
[DeepSeek][2026-07-21T18:13:39.254352+00:00] analyzer request started (attempt 1/3)
[DeepSeek][2026-07-21T18:13:39.260241+00:00] analyzer request started (attempt 1/3)
[DeepSeek][2026-07-21T18:14:04.316209+00:00] analyzer request succeeded (attempt 1, response_chars=3692)
[DeepSeek][2026-07-21T18:14:05.169141+00:00] analyzer request succeeded (attempt 1, response_chars=3699)
[DeepSeek][2026-07-21T18:14:21.910387+00:00] analyzer request succeeded (attempt 1, response_chars=5869)
[DeepSeek][2026-07-21T18:14:23.187874+00:00] analyzer request succeeded (attempt 1, response_chars=6658)
[DeepSeek][2026-07-21T18:14:38.455719+00:00] analyzer request succeeded (attempt 1, response_chars=8578)
[ColorPool] color=brown round=5 completed accepted={0: 0, 1: 0, 2: 0, 3: 0, 4: 0} missing_bins=[0, 1, 2, 3, 4] color_complete=False
[DeepSeek][2026-07-21T18:14:38.563177+00:00] generator request started (attempt 1/3)
[DeepSeek][2026-07-21T18:14:38.566369+00:00] generator request started (attempt 1/3)
[DeepSeek][2026-07-21T18:14:38.569309+00:00] generator request started (attempt 1/3)
[DeepSeek][2026-07-21T18:14:38.572081+00:00] generator request started (attempt 1/3)
[DeepSeek][2026-07-21T18:14:38.575016+00:00] generator request started (attempt 1/3)
[DeepSeek][2026-07-21T18:14:54.513880+00:00] generator request succeeded (attempt 1, response_chars=2069)
[DeepSeek][2026-07-21T18:15:05.818470+00:00] generator request succeeded (attempt 1, response_chars=3721)
[DeepSeek][2026-07-21T18:15:09.533324+00:00] generator request succeeded (attempt 1, response_chars=4095)
[DeepSeek][2026-07-21T18:15:22.858771+00:00] generator request succeeded (attempt 1, response_chars=6056)
[DeepSeek][2026-07-21T18:15:37.949640+00:00] generator request succeeded (attempt 1, response_chars=7559)
[DeepSeek][2026-07-21T18:15:49.642826+00:00] analyzer request started (attempt 1/3)
[DeepSeek][2026-07-21T18:15:49.650631+00:00] analyzer request started (attempt 1/3)
[DeepSeek][2026-07-21T18:15:49.655256+00:00] analyzer request started (attempt 1/3)
[DeepSeek][2026-07-21T18:15:49.659898+00:00] analyzer request started (attempt 1/3)
[DeepSeek][2026-07-21T18:15:49.664038+00:00] analyzer request started (attempt 1/3)
[DeepSeek][2026-07-21T18:16:12.541521+00:00] analyzer request succeeded (attempt 1, response_chars=2805)
[DeepSeek][2026-07-21T18:16:14.608957+00:00] analyzer request succeeded (attempt 1, response_chars=3169)
[DeepSeek][2026-07-21T18:16:14.889643+00:00] analyzer request succeeded (attempt 1, response_chars=3214)
[DeepSeek][2026-07-21T18:16:19.939213+00:00] analyzer request succeeded (attempt 1, response_chars=3879)
[DeepSeek][2026-07-21T18:16:27.095692+00:00] analyzer request succeeded (attempt 1, response_chars=5025)
[ColorPool] color=white round=1 completed accepted={0: 0, 1: 1, 2: 0, 3: 0, 4: 0} missing_bins=[0, 1, 2, 3, 4] color_complete=False
[DeepSeek][2026-07-21T18:16:27.097346+00:00] generator request started (attempt 1/3)
[DeepSeek][2026-07-21T18:16:27.100592+00:00] generator request started (attempt 1/3)
[DeepSeek][2026-07-21T18:16:27.103600+00:00] generator request started (attempt 1/3)
[DeepSeek][2026-07-21T18:16:27.106401+00:00] generator request started (attempt 1/3)
[DeepSeek][2026-07-21T18:16:27.109389+00:00] generator request started (attempt 1/3)
[DeepSeek][2026-07-21T18:16:43.695421+00:00] generator request succeeded (attempt 1, response_chars=2076)
[DeepSeek][2026-07-21T18:16:55.064224+00:00] generator request succeeded (attempt 1, response_chars=3809)
[DeepSeek][2026-07-21T18:16:55.678340+00:00] generator request succeeded (attempt 1, response_chars=3929)
[DeepSeek][2026-07-21T18:17:10.959825+00:00] generator request succeeded (attempt 1, response_chars=6322)
[DeepSeek][2026-07-21T18:17:17.515682+00:00] generator request succeeded (attempt 1, response_chars=7248)
[DeepSeek][2026-07-21T18:17:29.399467+00:00] analyzer request started (attempt 1/3)
[DeepSeek][2026-07-21T18:17:29.407763+00:00] analyzer request started (attempt 1/3)
[DeepSeek][2026-07-21T18:17:29.411639+00:00] analyzer request started (attempt 1/3)
[DeepSeek][2026-07-21T18:17:29.418681+00:00] analyzer request started (attempt 1/3)
[DeepSeek][2026-07-21T18:17:29.423475+00:00] analyzer request started (attempt 1/3)
[DeepSeek][2026-07-21T18:17:58.691033+00:00] analyzer request succeeded (attempt 1, response_chars=3965)
[DeepSeek][2026-07-21T18:18:02.455812+00:00] analyzer request succeeded (attempt 1, response_chars=4387)
[DeepSeek][2026-07-21T18:18:06.162368+00:00] analyzer request succeeded (attempt 1, response_chars=5009)
[DeepSeek][2026-07-21T18:18:11.836058+00:00] analyzer request succeeded (attempt 1, response_chars=5870)
[DeepSeek][2026-07-21T18:18:20.132755+00:00] analyzer request succeeded (attempt 1, response_chars=6853)
[ColorPool] color=white round=2 completed accepted={0: 0, 1: 1, 2: 0, 3: 0, 4: 0} missing_bins=[0, 1, 2, 3, 4] color_complete=False
[DeepSeek][2026-07-21T18:18:20.134312+00:00] generator request started (attempt 1/3)
[DeepSeek][2026-07-21T18:18:20.137569+00:00] generator request started (attempt 1/3)
[DeepSeek][2026-07-21T18:18:20.140624+00:00] generator request started (attempt 1/3)
[DeepSeek][2026-07-21T18:18:20.143533+00:00] generator request started (attempt 1/3)
[DeepSeek][2026-07-21T18:18:20.146526+00:00] generator request started (attempt 1/3)
[DeepSeek][2026-07-21T18:18:35.847269+00:00] generator request succeeded (attempt 1, response_chars=1826)
[DeepSeek][2026-07-21T18:18:46.856833+00:00] generator request succeeded (attempt 1, response_chars=3527)
[DeepSeek][2026-07-21T18:18:49.810819+00:00] generator request succeeded (attempt 1, response_chars=4222)
[DeepSeek][2026-07-21T18:19:04.307989+00:00] generator request succeeded (attempt 1, response_chars=6388)
[DeepSeek][2026-07-21T18:19:10.819920+00:00] generator request succeeded (attempt 1, response_chars=7136)
[DeepSeek][2026-07-21T18:19:22.443761+00:00] analyzer request started (attempt 1/3)
[DeepSeek][2026-07-21T18:19:22.455167+00:00] analyzer request started (attempt 1/3)
[DeepSeek][2026-07-21T18:19:22.459734+00:00] analyzer request started (attempt 1/3)
[DeepSeek][2026-07-21T18:19:22.463899+00:00] analyzer request started (attempt 1/3)
[DeepSeek][2026-07-21T18:19:22.467107+00:00] analyzer request started (attempt 1/3)
[DeepSeek][2026-07-21T18:20:03.723849+00:00] analyzer request succeeded (attempt 1, response_chars=5575)
[DeepSeek][2026-07-21T18:20:06.563686+00:00] analyzer request succeeded (attempt 1, response_chars=5893)
[DeepSeek][2026-07-21T18:20:17.072170+00:00] analyzer request succeeded (attempt 1, response_chars=7479)
[DeepSeek][2026-07-21T18:20:17.240050+00:00] analyzer request succeeded (attempt 1, response_chars=7435)
[DeepSeek][2026-07-21T18:21:04.598087+00:00] analyzer request succeeded (attempt 1, response_chars=15975)
[ColorPool] color=white round=3 completed accepted={0: 0, 1: 1, 2: 2, 3: 0, 4: 0} missing_bins=[0, 1, 2, 3, 4] color_complete=False
[DeepSeek][2026-07-21T18:21:04.599799+00:00] generator request started (attempt 1/3)
[DeepSeek][2026-07-21T18:21:04.603134+00:00] generator request started (attempt 1/3)
[DeepSeek][2026-07-21T18:21:04.606127+00:00] generator request started (attempt 1/3)
[DeepSeek][2026-07-21T18:21:04.609208+00:00] generator request started (attempt 1/3)
[DeepSeek][2026-07-21T18:21:04.613356+00:00] generator request started (attempt 1/3)
[DeepSeek][2026-07-21T18:21:18.139367+00:00] generator request succeeded (attempt 1, response_chars=1849)
[DeepSeek][2026-07-21T18:21:27.199290+00:00] generator request succeeded (attempt 1, response_chars=3161)
[DeepSeek][2026-07-21T18:21:34.194927+00:00] generator request succeeded (attempt 1, response_chars=4475)
[DeepSeek][2026-07-21T18:21:48.031526+00:00] generator request succeeded (attempt 1, response_chars=6506)
[DeepSeek][2026-07-21T18:21:53.712023+00:00] generator request succeeded (attempt 1, response_chars=7469)
[DeepSeek][2026-07-21T18:22:10.429481+00:00] analyzer request started (attempt 1/3)
[DeepSeek][2026-07-21T18:22:10.440261+00:00] analyzer request started (attempt 1/3)
[DeepSeek][2026-07-21T18:22:10.448468+00:00] analyzer request started (attempt 1/3)
[DeepSeek][2026-07-21T18:22:10.459171+00:00] analyzer request started (attempt 1/3)
[DeepSeek][2026-07-21T18:22:10.462390+00:00] analyzer request started (attempt 1/3)
[DeepSeek][2026-07-21T18:22:50.884209+00:00] analyzer request succeeded (attempt 1, response_chars=5487)
[DeepSeek][2026-07-21T18:22:51.730395+00:00] analyzer request succeeded (attempt 1, response_chars=5419)
[DeepSeek][2026-07-21T18:22:55.899804+00:00] analyzer request succeeded (attempt 1, response_chars=6651)
[DeepSeek][2026-07-21T18:23:03.741037+00:00] analyzer request succeeded (attempt 1, response_chars=8184)
[DeepSeek][2026-07-21T18:24:10.624694+00:00] analyzer request failed (attempt 1): Request timed out.
[DeepSeek][2026-07-21T18:24:10.624808+00:00] analyzer request will retry
[DeepSeek][2026-07-21T18:24:11.625119+00:00] analyzer request started (attempt 2/3)
[DeepSeek][2026-07-21T18:24:38.431229+00:00] analyzer request succeeded (attempt 2, response_chars=4274)
[ColorPool] color=white round=4 completed accepted={0: 0, 1: 1, 2: 4, 3: 0, 4: 0} missing_bins=[0, 1, 2, 3, 4] color_complete=False
[DeepSeek][2026-07-21T18:24:38.433342+00:00] generator request started (attempt 1/3)
[DeepSeek][2026-07-21T18:24:38.435971+00:00] generator request started (attempt 1/3)
[DeepSeek][2026-07-21T18:24:38.438242+00:00] generator request started (attempt 1/3)
[DeepSeek][2026-07-21T18:24:38.441496+00:00] generator request started (attempt 1/3)
[DeepSeek][2026-07-21T18:24:38.444555+00:00] generator request started (attempt 1/3)
[DeepSeek][2026-07-21T18:24:47.829912+00:00] generator request succeeded (attempt 1, response_chars=1493)
[DeepSeek][2026-07-21T18:24:50.831975+00:00] generator request succeeded (attempt 1, response_chars=1699)
[DeepSeek][2026-07-21T18:24:59.665549+00:00] generator request succeeded (attempt 1, response_chars=2970)
[DeepSeek][2026-07-21T18:25:19.710535+00:00] generator request succeeded (attempt 1, response_chars=6255)
[DeepSeek][2026-07-21T18:25:29.936020+00:00] generator request succeeded (attempt 1, response_chars=7717)
[DeepSeek][2026-07-21T18:25:40.688570+00:00] analyzer request started (attempt 1/3)
[DeepSeek][2026-07-21T18:25:40.699647+00:00] analyzer request started (attempt 1/3)
[DeepSeek][2026-07-21T18:25:40.707872+00:00] analyzer request started (attempt 1/3)
[DeepSeek][2026-07-21T18:25:40.714931+00:00] analyzer request started (attempt 1/3)
[DeepSeek][2026-07-21T18:25:40.722401+00:00] analyzer request started (attempt 1/3)
[DeepSeek][2026-07-21T18:26:13.322701+00:00] analyzer request succeeded (attempt 1, response_chars=4630)
[DeepSeek][2026-07-21T18:26:20.047342+00:00] analyzer request succeeded (attempt 1, response_chars=5191)
[DeepSeek][2026-07-21T18:26:35.765976+00:00] analyzer request failed (attempt 1): Expecting ',' delimiter: line 41 column 3 (char 4651)
[DeepSeek][2026-07-21T18:26:35.766074+00:00] analyzer request will retry
[DeepSeek][2026-07-21T18:26:36.766205+00:00] analyzer request started (attempt 2/3)
[DeepSeek][2026-07-21T18:26:55.764220+00:00] analyzer request succeeded (attempt 1, response_chars=9827)
[DeepSeek][2026-07-21T18:27:03.817993+00:00] analyzer request succeeded (attempt 1, response_chars=12085)
[DeepSeek][2026-07-21T18:27:13.159073+00:00] analyzer request succeeded (attempt 2, response_chars=5996)
[ColorPool] color=white round=5 completed accepted={0: 0, 1: 1, 2: 4, 3: 0, 4: 0} missing_bins=[0, 1, 2, 3, 4] color_complete=False
[DeepSeek][2026-07-21T18:27:13.266124+00:00] generator request started (attempt 1/3)
[DeepSeek][2026-07-21T18:27:13.269302+00:00] generator request started (attempt 1/3)
[DeepSeek][2026-07-21T18:27:13.272264+00:00] generator request started (attempt 1/3)
[DeepSeek][2026-07-21T18:27:13.275192+00:00] generator request started (attempt 1/3)
[DeepSeek][2026-07-21T18:27:13.277919+00:00] generator request started (attempt 1/3)
[DeepSeek][2026-07-21T18:27:27.871904+00:00] generator request succeeded (attempt 1, response_chars=1980)
[DeepSeek][2026-07-21T18:27:39.234122+00:00] generator request succeeded (attempt 1, response_chars=3839)
[DeepSeek][2026-07-21T18:27:44.726016+00:00] generator request succeeded (attempt 1, response_chars=4384)
[DeepSeek][2026-07-21T18:28:00.905050+00:00] generator request succeeded (attempt 1, response_chars=6788)
[DeepSeek][2026-07-21T18:28:02.858588+00:00] generator request succeeded (attempt 1, response_chars=7270)
[DeepSeek][2026-07-21T18:28:19.225371+00:00] analyzer request started (attempt 1/3)
[DeepSeek][2026-07-21T18:28:19.233081+00:00] analyzer request started (attempt 1/3)
[DeepSeek][2026-07-21T18:28:19.238718+00:00] analyzer request started (attempt 1/3)
[DeepSeek][2026-07-21T18:28:19.243174+00:00] analyzer request started (attempt 1/3)
[DeepSeek][2026-07-21T18:28:19.247406+00:00] analyzer request started (attempt 1/3)
[DeepSeek][2026-07-21T18:28:45.775764+00:00] analyzer request succeeded (attempt 1, response_chars=3841)
[DeepSeek][2026-07-21T18:28:48.074243+00:00] analyzer request succeeded (attempt 1, response_chars=3950)
[DeepSeek][2026-07-21T18:28:54.162479+00:00] analyzer request succeeded (attempt 1, response_chars=4899)
[DeepSeek][2026-07-21T18:28:55.222741+00:00] analyzer request succeeded (attempt 1, response_chars=4989)
[DeepSeek][2026-07-21T18:29:08.707882+00:00] analyzer request succeeded (attempt 1, response_chars=7483)
[ColorPool] color=black round=1 completed accepted={0: 0, 1: 0, 2: 0, 3: 1, 4: 0} missing_bins=[0, 1, 2, 3, 4] color_complete=False
[DeepSeek][2026-07-21T18:29:08.709572+00:00] generator request started (attempt 1/3)
[DeepSeek][2026-07-21T18:29:08.712940+00:00] generator request started (attempt 1/3)
[DeepSeek][2026-07-21T18:29:08.715992+00:00] generator request started (attempt 1/3)
[DeepSeek][2026-07-21T18:29:08.718928+00:00] generator request started (attempt 1/3)
[DeepSeek][2026-07-21T18:29:08.722040+00:00] generator request started (attempt 1/3)
[DeepSeek][2026-07-21T18:29:26.070145+00:00] generator request succeeded (attempt 1, response_chars=2255)
[DeepSeek][2026-07-21T18:29:38.888039+00:00] generator request succeeded (attempt 1, response_chars=4114)
[DeepSeek][2026-07-21T18:29:41.743443+00:00] generator request succeeded (attempt 1, response_chars=4421)
[DeepSeek][2026-07-21T18:29:57.515654+00:00] generator request succeeded (attempt 1, response_chars=6961)
[DeepSeek][2026-07-21T18:30:07.611944+00:00] generator request succeeded (attempt 1, response_chars=8886)
[DeepSeek][2026-07-21T18:30:20.255523+00:00] analyzer request started (attempt 1/3)
[DeepSeek][2026-07-21T18:30:20.261889+00:00] analyzer request started (attempt 1/3)
[DeepSeek][2026-07-21T18:30:20.266786+00:00] analyzer request started (attempt 1/3)
[DeepSeek][2026-07-21T18:30:20.271214+00:00] analyzer request started (attempt 1/3)
[DeepSeek][2026-07-21T18:30:20.276027+00:00] analyzer request started (attempt 1/3)
[DeepSeek][2026-07-21T18:30:47.213138+00:00] analyzer request succeeded (attempt 1, response_chars=4036)
[DeepSeek][2026-07-21T18:30:50.183317+00:00] analyzer request succeeded (attempt 1, response_chars=4553)
[DeepSeek][2026-07-21T18:30:51.119449+00:00] analyzer request succeeded (attempt 1, response_chars=4376)
[DeepSeek][2026-07-21T18:31:00.066811+00:00] analyzer request succeeded (attempt 1, response_chars=5678)
[DeepSeek][2026-07-21T18:31:02.016086+00:00] analyzer request succeeded (attempt 1, response_chars=6213)
[ColorPool] color=black round=2 completed accepted={0: 0, 1: 0, 2: 0, 3: 1, 4: 0} missing_bins=[0, 1, 2, 3, 4] color_complete=False
[DeepSeek][2026-07-21T18:31:02.017727+00:00] generator request started (attempt 1/3)
[DeepSeek][2026-07-21T18:31:02.021104+00:00] generator request started (attempt 1/3)
[DeepSeek][2026-07-21T18:31:02.024391+00:00] generator request started (attempt 1/3)
[DeepSeek][2026-07-21T18:31:02.027664+00:00] generator request started (attempt 1/3)
[DeepSeek][2026-07-21T18:31:02.030643+00:00] generator request started (attempt 1/3)
[DeepSeek][2026-07-21T18:31:17.866250+00:00] generator request succeeded (attempt 1, response_chars=2073)
[DeepSeek][2026-07-21T18:31:28.828338+00:00] generator request succeeded (attempt 1, response_chars=3806)
[DeepSeek][2026-07-21T18:31:30.525823+00:00] generator request succeeded (attempt 1, response_chars=4020)
[DeepSeek][2026-07-21T18:31:46.731078+00:00] generator request succeeded (attempt 1, response_chars=6583)
[DeepSeek][2026-07-21T18:31:50.552210+00:00] generator request succeeded (attempt 1, response_chars=7678)
[DeepSeek][2026-07-21T18:31:56.615636+00:00] analyzer request started (attempt 1/3)
[DeepSeek][2026-07-21T18:31:56.624531+00:00] analyzer request started (attempt 1/3)
[DeepSeek][2026-07-21T18:31:56.631620+00:00] analyzer request started (attempt 1/3)
[DeepSeek][2026-07-21T18:31:56.637935+00:00] analyzer request started (attempt 1/3)
[DeepSeek][2026-07-21T18:31:56.643162+00:00] analyzer request started (attempt 1/3)
[DeepSeek][2026-07-21T18:32:33.444091+00:00] analyzer request succeeded (attempt 1, response_chars=5434)
[DeepSeek][2026-07-21T18:32:37.976714+00:00] analyzer request succeeded (attempt 1, response_chars=6135)
[DeepSeek][2026-07-21T18:32:40.826956+00:00] analyzer request succeeded (attempt 1, response_chars=6340)
[DeepSeek][2026-07-21T18:32:46.076565+00:00] analyzer request succeeded (attempt 1, response_chars=7278)
[DeepSeek][2026-07-21T18:32:48.151663+00:00] analyzer request succeeded (attempt 1, response_chars=8110)
[ColorPool] color=black round=3 completed accepted={0: 0, 1: 0, 2: 0, 3: 1, 4: 0} missing_bins=[0, 1, 2, 3, 4] color_complete=False
[DeepSeek][2026-07-21T18:32:48.153332+00:00] generator request started (attempt 1/3)
[DeepSeek][2026-07-21T18:32:48.156742+00:00] generator request started (attempt 1/3)
[DeepSeek][2026-07-21T18:32:48.160141+00:00] generator request started (attempt 1/3)
[DeepSeek][2026-07-21T18:32:48.163438+00:00] generator request started (attempt 1/3)
[DeepSeek][2026-07-21T18:32:48.166405+00:00] generator request started (attempt 1/3)
[DeepSeek][2026-07-21T18:33:05.749353+00:00] generator request succeeded (attempt 1, response_chars=2295)
[DeepSeek][2026-07-21T18:33:16.346408+00:00] generator request succeeded (attempt 1, response_chars=4103)
[DeepSeek][2026-07-21T18:33:18.147041+00:00] generator request succeeded (attempt 1, response_chars=4586)
[DeepSeek][2026-07-21T18:33:35.030522+00:00] generator request succeeded (attempt 1, response_chars=7278)
[DeepSeek][2026-07-21T18:33:41.307823+00:00] generator request succeeded (attempt 1, response_chars=8660)
[DeepSeek][2026-07-21T18:33:51.734106+00:00] analyzer request started (attempt 1/3)
[DeepSeek][2026-07-21T18:33:51.742939+00:00] analyzer request started (attempt 1/3)
[DeepSeek][2026-07-21T18:33:51.751356+00:00] analyzer request started (attempt 1/3)
[DeepSeek][2026-07-21T18:33:51.758988+00:00] analyzer request started (attempt 1/3)
[DeepSeek][2026-07-21T18:33:51.765102+00:00] analyzer request started (attempt 1/3)
[DeepSeek][2026-07-21T18:34:26.838947+00:00] analyzer request succeeded (attempt 1, response_chars=5135)
[DeepSeek][2026-07-21T18:34:28.370327+00:00] analyzer request succeeded (attempt 1, response_chars=4764)
[DeepSeek][2026-07-21T18:34:32.564090+00:00] analyzer request succeeded (attempt 1, response_chars=6257)
[DeepSeek][2026-07-21T18:34:47.868359+00:00] analyzer request succeeded (attempt 1, response_chars=8276)
[DeepSeek][2026-07-21T18:34:49.253090+00:00] analyzer request succeeded (attempt 1, response_chars=8771)
[ColorPool] color=black round=4 completed accepted={0: 0, 1: 0, 2: 0, 3: 1, 4: 0} missing_bins=[0, 1, 2, 3, 4] color_complete=False
[DeepSeek][2026-07-21T18:34:49.254632+00:00] generator request started (attempt 1/3)
[DeepSeek][2026-07-21T18:34:49.257944+00:00] generator request started (attempt 1/3)
[DeepSeek][2026-07-21T18:34:49.261290+00:00] generator request started (attempt 1/3)
[DeepSeek][2026-07-21T18:34:49.264656+00:00] generator request started (attempt 1/3)
[DeepSeek][2026-07-21T18:34:49.267850+00:00] generator request started (attempt 1/3)
[DeepSeek][2026-07-21T18:35:04.759979+00:00] generator request succeeded (attempt 1, response_chars=1933)
[DeepSeek][2026-07-21T18:35:15.631590+00:00] generator request succeeded (attempt 1, response_chars=3858)
[DeepSeek][2026-07-21T18:35:19.097841+00:00] generator request succeeded (attempt 1, response_chars=4412)
[DeepSeek][2026-07-21T18:35:31.677966+00:00] generator request succeeded (attempt 1, response_chars=6704)
[DeepSeek][2026-07-21T18:35:37.125615+00:00] generator request succeeded (attempt 1, response_chars=7794)
[DeepSeek][2026-07-21T18:35:43.840204+00:00] analyzer request started (attempt 1/3)
[DeepSeek][2026-07-21T18:35:43.846814+00:00] analyzer request started (attempt 1/3)
[DeepSeek][2026-07-21T18:35:43.854319+00:00] analyzer request started (attempt 1/3)
[DeepSeek][2026-07-21T18:35:43.861510+00:00] analyzer request started (attempt 1/3)
[DeepSeek][2026-07-21T18:35:43.868156+00:00] analyzer request started (attempt 1/3)
[DeepSeek][2026-07-21T18:36:24.725508+00:00] analyzer request succeeded (attempt 1, response_chars=5922)
[DeepSeek][2026-07-21T18:36:31.388248+00:00] analyzer request succeeded (attempt 1, response_chars=6567)
[DeepSeek][2026-07-21T18:36:32.184728+00:00] analyzer request succeeded (attempt 1, response_chars=6674)
[DeepSeek][2026-07-21T18:36:38.022733+00:00] analyzer request succeeded (attempt 1, response_chars=8602)
[DeepSeek][2026-07-21T18:36:39.626943+00:00] analyzer request succeeded (attempt 1, response_chars=8444)
[ColorPool] color=black round=5 completed accepted={0: 0, 1: 0, 2: 0, 3: 2, 4: 0} missing_bins=[0, 1, 2, 3, 4] color_complete=False
[DeepSeek][2026-07-21T18:36:39.739962+00:00] generator request started (attempt 1/3)
[DeepSeek][2026-07-21T18:36:39.742204+00:00] generator request started (attempt 1/3)
[DeepSeek][2026-07-21T18:36:39.744426+00:00] generator request started (attempt 1/3)
[DeepSeek][2026-07-21T18:36:39.747371+00:00] generator request started (attempt 1/3)
[DeepSeek][2026-07-21T18:36:39.750208+00:00] generator request started (attempt 1/3)
[DeepSeek][2026-07-21T18:36:55.159483+00:00] generator request succeeded (attempt 1, response_chars=2137)
[DeepSeek][2026-07-21T18:37:05.567647+00:00] generator request succeeded (attempt 1, response_chars=3677)
[DeepSeek][2026-07-21T18:37:07.174202+00:00] generator request succeeded (attempt 1, response_chars=4163)
[DeepSeek][2026-07-21T18:37:22.300799+00:00] generator request succeeded (attempt 1, response_chars=6337)
[DeepSeek][2026-07-21T18:37:22.333117+00:00] generator request succeeded (attempt 1, response_chars=6660)
[DeepSeek][2026-07-21T18:37:33.264806+00:00] analyzer request started (attempt 1/3)
[DeepSeek][2026-07-21T18:37:33.271902+00:00] analyzer request started (attempt 1/3)
[DeepSeek][2026-07-21T18:37:33.276919+00:00] analyzer request started (attempt 1/3)
[DeepSeek][2026-07-21T18:37:33.281255+00:00] analyzer request started (attempt 1/3)
[DeepSeek][2026-07-21T18:37:33.285553+00:00] analyzer request started (attempt 1/3)
[DeepSeek][2026-07-21T18:37:52.091917+00:00] analyzer request succeeded (attempt 1, response_chars=2530)
[DeepSeek][2026-07-21T18:37:56.742480+00:00] analyzer request succeeded (attempt 1, response_chars=3015)
[DeepSeek][2026-07-21T18:38:05.016671+00:00] analyzer request succeeded (attempt 1, response_chars=4414)
[DeepSeek][2026-07-21T18:38:09.532527+00:00] analyzer request succeeded (attempt 1, response_chars=5125)
[DeepSeek][2026-07-21T18:38:13.647673+00:00] analyzer request succeeded (attempt 1, response_chars=5930)
[ColorPool] color=gray round=1 completed accepted={0: 0, 1: 0, 2: 0, 3: 1, 4: 0} missing_bins=[0, 1, 2, 3, 4] color_complete=False
[DeepSeek][2026-07-21T18:38:13.649333+00:00] generator request started (attempt 1/3)
[DeepSeek][2026-07-21T18:38:13.652646+00:00] generator request started (attempt 1/3)
[DeepSeek][2026-07-21T18:38:13.655891+00:00] generator request started (attempt 1/3)
[DeepSeek][2026-07-21T18:38:13.659133+00:00] generator request started (attempt 1/3)
[DeepSeek][2026-07-21T18:38:13.662231+00:00] generator request started (attempt 1/3)
[DeepSeek][2026-07-21T18:38:28.581923+00:00] generator request succeeded (attempt 1, response_chars=2114)
[DeepSeek][2026-07-21T18:38:39.676691+00:00] generator request succeeded (attempt 1, response_chars=4018)
[DeepSeek][2026-07-21T18:38:41.149481+00:00] generator request succeeded (attempt 1, response_chars=4328)
[DeepSeek][2026-07-21T18:39:08.155806+00:00] generator request succeeded (attempt 1, response_chars=8201)
[DeepSeek][2026-07-21T18:39:11.009261+00:00] generator request succeeded (attempt 1, response_chars=8784)
[DeepSeek][2026-07-21T18:39:12.500396+00:00] analyzer request started (attempt 1/3)
[DeepSeek][2026-07-21T18:39:12.504922+00:00] analyzer request started (attempt 1/3)
[DeepSeek][2026-07-21T18:39:12.510030+00:00] analyzer request started (attempt 1/3)
[DeepSeek][2026-07-21T18:39:12.515104+00:00] analyzer request started (attempt 1/3)
[DeepSeek][2026-07-21T18:39:12.519586+00:00] analyzer request started (attempt 1/3)
[DeepSeek][2026-07-21T18:39:42.060262+00:00] analyzer request succeeded (attempt 1, response_chars=4331)
[DeepSeek][2026-07-21T18:39:43.322540+00:00] analyzer request succeeded (attempt 1, response_chars=4636)
[DeepSeek][2026-07-21T18:39:49.927556+00:00] analyzer request succeeded (attempt 1, response_chars=5767)
[DeepSeek][2026-07-21T18:39:51.093920+00:00] analyzer request succeeded (attempt 1, response_chars=5654)
[DeepSeek][2026-07-21T18:40:00.588670+00:00] analyzer request succeeded (attempt 1, response_chars=7899)
[ColorPool] color=gray round=2 completed accepted={0: 0, 1: 0, 2: 0, 3: 1, 4: 0} missing_bins=[0, 1, 2, 3, 4] color_complete=False
[DeepSeek][2026-07-21T18:40:00.590178+00:00] generator request started (attempt 1/3)
[DeepSeek][2026-07-21T18:40:00.593205+00:00] generator request started (attempt 1/3)
[DeepSeek][2026-07-21T18:40:00.595665+00:00] generator request started (attempt 1/3)
[DeepSeek][2026-07-21T18:40:00.597841+00:00] generator request started (attempt 1/3)
[DeepSeek][2026-07-21T18:40:00.600296+00:00] generator request started (attempt 1/3)
[DeepSeek][2026-07-21T18:40:16.705655+00:00] generator request succeeded (attempt 1, response_chars=2266)
[DeepSeek][2026-07-21T18:40:26.627650+00:00] generator request succeeded (attempt 1, response_chars=3813)
[DeepSeek][2026-07-21T18:40:33.954204+00:00] generator request succeeded (attempt 1, response_chars=4848)
[DeepSeek][2026-07-21T18:40:50.519333+00:00] generator request succeeded (attempt 1, response_chars=7632)
[DeepSeek][2026-07-21T18:41:11.120821+00:00] generator request succeeded (attempt 1, response_chars=11714)
[DeepSeek][2026-07-21T18:41:17.661938+00:00] analyzer request started (attempt 1/3)
[DeepSeek][2026-07-21T18:41:17.669665+00:00] analyzer request started (attempt 1/3)
[DeepSeek][2026-07-21T18:41:17.675530+00:00] analyzer request started (attempt 1/3)
[DeepSeek][2026-07-21T18:41:17.680777+00:00] analyzer request started (attempt 1/3)
[DeepSeek][2026-07-21T18:41:17.686332+00:00] analyzer request started (attempt 1/3)
[DeepSeek][2026-07-21T18:41:54.376117+00:00] analyzer request succeeded (attempt 1, response_chars=5649)
[DeepSeek][2026-07-21T18:42:07.768061+00:00] analyzer request succeeded (attempt 1, response_chars=7411)
[DeepSeek][2026-07-21T18:42:09.390123+00:00] analyzer request succeeded (attempt 1, response_chars=7598)
[DeepSeek][2026-07-21T18:42:11.274033+00:00] analyzer request succeeded (attempt 1, response_chars=8167)
[DeepSeek][2026-07-21T18:42:17.709836+00:00] analyzer request succeeded (attempt 1, response_chars=9694)
[ColorPool] color=gray round=3 completed accepted={0: 0, 1: 0, 2: 0, 3: 1, 4: 0} missing_bins=[0, 1, 2, 3, 4] color_complete=False
[DeepSeek][2026-07-21T18:42:17.711426+00:00] generator request started (attempt 1/3)
[DeepSeek][2026-07-21T18:42:17.714741+00:00] generator request started (attempt 1/3)
[DeepSeek][2026-07-21T18:42:17.717696+00:00] generator request started (attempt 1/3)
[DeepSeek][2026-07-21T18:42:17.721042+00:00] generator request started (attempt 1/3)
[DeepSeek][2026-07-21T18:42:17.724040+00:00] generator request started (attempt 1/3)
[DeepSeek][2026-07-21T18:42:31.637348+00:00] generator request succeeded (attempt 1, response_chars=2086)
[DeepSeek][2026-07-21T18:42:46.045601+00:00] generator request succeeded (attempt 1, response_chars=4466)
[DeepSeek][2026-07-21T18:42:51.833770+00:00] generator request succeeded (attempt 1, response_chars=5599)
[DeepSeek][2026-07-21T18:43:04.972116+00:00] generator request succeeded (attempt 1, response_chars=7948)
[DeepSeek][2026-07-21T18:43:37.529998+00:00] generator request succeeded (attempt 1, response_chars=13146)
[DeepSeek][2026-07-21T18:43:43.233256+00:00] analyzer request started (attempt 1/3)
[DeepSeek][2026-07-21T18:43:43.238215+00:00] analyzer request started (attempt 1/3)
[DeepSeek][2026-07-21T18:43:43.244181+00:00] analyzer request started (attempt 1/3)
[DeepSeek][2026-07-21T18:43:43.249624+00:00] analyzer request started (attempt 1/3)
[DeepSeek][2026-07-21T18:43:43.254485+00:00] analyzer request started (attempt 1/3)
[DeepSeek][2026-07-21T18:44:21.459565+00:00] analyzer request succeeded (attempt 1, response_chars=5680)
[DeepSeek][2026-07-21T18:44:37.366697+00:00] analyzer request succeeded (attempt 1, response_chars=7610)
[DeepSeek][2026-07-21T18:44:37.605863+00:00] analyzer request succeeded (attempt 1, response_chars=7881)
[DeepSeek][2026-07-21T18:44:47.916523+00:00] analyzer request succeeded (attempt 1, response_chars=10254)
[DeepSeek][2026-07-21T18:44:51.421204+00:00] analyzer request succeeded (attempt 1, response_chars=9606)
[ColorPool] color=gray round=4 completed accepted={0: 0, 1: 0, 2: 0, 3: 1, 4: 0} missing_bins=[0, 1, 2, 3, 4] color_complete=False
[DeepSeek][2026-07-21T18:44:51.422907+00:00] generator request started (attempt 1/3)
[DeepSeek][2026-07-21T18:44:51.426461+00:00] generator request started (attempt 1/3)
[DeepSeek][2026-07-21T18:44:51.430060+00:00] generator request started (attempt 1/3)
[DeepSeek][2026-07-21T18:44:51.433311+00:00] generator request started (attempt 1/3)
[DeepSeek][2026-07-21T18:44:51.436520+00:00] generator request started (attempt 1/3)
[DeepSeek][2026-07-21T18:44:58.441057+00:00] generator request succeeded (attempt 1, response_chars=1016)
[DeepSeek][2026-07-21T18:45:06.712132+00:00] generator request succeeded (attempt 1, response_chars=2072)
[DeepSeek][2026-07-21T18:45:37.583237+00:00] generator request succeeded (attempt 1, response_chars=7135)
[DeepSeek][2026-07-21T18:45:49.453025+00:00] generator request succeeded (attempt 1, response_chars=8498)
[DeepSeek][2026-07-21T18:46:06.865305+00:00] generator request succeeded (attempt 1, response_chars=11159)
[DeepSeek][2026-07-21T18:46:12.209658+00:00] analyzer request started (attempt 1/3)
[DeepSeek][2026-07-21T18:46:12.218452+00:00] analyzer request started (attempt 1/3)
[DeepSeek][2026-07-21T18:46:12.225137+00:00] analyzer request started (attempt 1/3)
[DeepSeek][2026-07-21T18:46:12.236026+00:00] analyzer request started (attempt 1/3)
[DeepSeek][2026-07-21T18:46:12.239245+00:00] analyzer request started (attempt 1/3)
[DeepSeek][2026-07-21T18:46:56.263552+00:00] analyzer request succeeded (attempt 1, response_chars=6563)
[DeepSeek][2026-07-21T18:47:10.728768+00:00] analyzer request succeeded (attempt 1, response_chars=9259)
[DeepSeek][2026-07-21T18:47:18.036511+00:00] analyzer request succeeded (attempt 1, response_chars=10785)
[DeepSeek][2026-07-21T18:47:25.424391+00:00] analyzer request succeeded (attempt 1, response_chars=11751)
[DeepSeek][2026-07-21T18:47:26.917404+00:00] analyzer request succeeded (attempt 1, response_chars=11614)
[ColorPool] color=gray round=5 completed accepted={0: 0, 1: 0, 2: 0, 3: 1, 4: 0} missing_bins=[0, 1, 2, 3, 4] color_complete=False
[DeepSeek][2026-07-21T18:47:27.036337+00:00] generator request started (attempt 1/3)
[DeepSeek][2026-07-21T18:47:27.040151+00:00] generator request started (attempt 1/3)
[DeepSeek][2026-07-21T18:47:27.043720+00:00] generator request started (attempt 1/3)
[DeepSeek][2026-07-21T18:47:27.046751+00:00] generator request started (attempt 1/3)
[DeepSeek][2026-07-21T18:47:27.049718+00:00] generator request started (attempt 1/3)
[DeepSeek][2026-07-21T18:47:45.798017+00:00] generator request succeeded (attempt 1, response_chars=2284)
[DeepSeek][2026-07-21T18:47:57.355888+00:00] generator request succeeded (attempt 1, response_chars=4082)
[DeepSeek][2026-07-21T18:47:58.785062+00:00] generator request succeeded (attempt 1, response_chars=4273)
[DeepSeek][2026-07-21T18:48:15.973196+00:00] generator request succeeded (attempt 1, response_chars=6820)
[DeepSeek][2026-07-21T18:48:17.702494+00:00] generator request succeeded (attempt 1, response_chars=6870)
[DeepSeek][2026-07-21T18:48:26.504110+00:00] analyzer request started (attempt 1/3)
[DeepSeek][2026-07-21T18:48:26.510152+00:00] analyzer request started (attempt 1/3)
[DeepSeek][2026-07-21T18:48:26.516056+00:00] analyzer request started (attempt 1/3)
[DeepSeek][2026-07-21T18:48:26.520449+00:00] analyzer request started (attempt 1/3)
[DeepSeek][2026-07-21T18:48:26.525265+00:00] analyzer request started (attempt 1/3)
[DeepSeek][2026-07-21T18:48:45.263114+00:00] analyzer request succeeded (attempt 1, response_chars=2373)
[DeepSeek][2026-07-21T18:48:46.701873+00:00] analyzer request succeeded (attempt 1, response_chars=2647)
[DeepSeek][2026-07-21T18:48:54.111346+00:00] analyzer request succeeded (attempt 1, response_chars=3592)
[DeepSeek][2026-07-21T18:48:55.299108+00:00] analyzer request succeeded (attempt 1, response_chars=3633)
[DeepSeek][2026-07-21T18:49:04.248032+00:00] analyzer request succeeded (attempt 1, response_chars=5236)
[ColorPool] color=maroon round=1 completed accepted={0: 0, 1: 0, 2: 0, 3: 2, 4: 0} missing_bins=[0, 1, 2, 3, 4] color_complete=False
[DeepSeek][2026-07-21T18:49:04.249725+00:00] generator request started (attempt 1/3)
[DeepSeek][2026-07-21T18:49:04.253064+00:00] generator request started (attempt 1/3)
[DeepSeek][2026-07-21T18:49:04.256153+00:00] generator request started (attempt 1/3)
[DeepSeek][2026-07-21T18:49:04.259011+00:00] generator request started (attempt 1/3)
[DeepSeek][2026-07-21T18:49:04.262122+00:00] generator request started (attempt 1/3)
[DeepSeek][2026-07-21T18:49:23.305725+00:00] generator request succeeded (attempt 1, response_chars=2288)
[DeepSeek][2026-07-21T18:49:37.694559+00:00] generator request succeeded (attempt 1, response_chars=4355)
[DeepSeek][2026-07-21T18:49:40.430023+00:00] generator request succeeded (attempt 1, response_chars=4844)
[DeepSeek][2026-07-21T18:49:57.631100+00:00] generator request succeeded (attempt 1, response_chars=7358)
[DeepSeek][2026-07-21T18:50:00.835004+00:00] generator request succeeded (attempt 1, response_chars=7657)
[DeepSeek][2026-07-21T18:50:07.556858+00:00] analyzer request started (attempt 1/3)
[DeepSeek][2026-07-21T18:50:07.562944+00:00] analyzer request started (attempt 1/3)
[DeepSeek][2026-07-21T18:50:07.569299+00:00] analyzer request started (attempt 1/3)
[DeepSeek][2026-07-21T18:50:07.573935+00:00] analyzer request started (attempt 1/3)
[DeepSeek][2026-07-21T18:50:07.579679+00:00] analyzer request started (attempt 1/3)
[DeepSeek][2026-07-21T18:50:29.662180+00:00] analyzer request succeeded (attempt 1, response_chars=3084)
[DeepSeek][2026-07-21T18:50:32.757569+00:00] analyzer request succeeded (attempt 1, response_chars=3397)
[DeepSeek][2026-07-21T18:50:47.074803+00:00] analyzer request succeeded (attempt 1, response_chars=5286)
[DeepSeek][2026-07-21T18:50:48.771857+00:00] analyzer request succeeded (attempt 1, response_chars=5890)
[DeepSeek][2026-07-21T18:50:52.367614+00:00] analyzer request succeeded (attempt 1, response_chars=6509)
[ColorPool] color=maroon round=2 completed accepted={0: 0, 1: 0, 2: 0, 3: 2, 4: 0} missing_bins=[0, 1, 2, 3, 4] color_complete=False
[DeepSeek][2026-07-21T18:50:52.369356+00:00] generator request started (attempt 1/3)
[DeepSeek][2026-07-21T18:50:52.372683+00:00] generator request started (attempt 1/3)
[DeepSeek][2026-07-21T18:50:52.376051+00:00] generator request started (attempt 1/3)
[DeepSeek][2026-07-21T18:50:52.379220+00:00] generator request started (attempt 1/3)
[DeepSeek][2026-07-21T18:50:52.382223+00:00] generator request started (attempt 1/3)
[DeepSeek][2026-07-21T18:51:10.749164+00:00] generator request succeeded (attempt 1, response_chars=2355)
[DeepSeek][2026-07-21T18:51:26.486651+00:00] generator request succeeded (attempt 1, response_chars=4624)
[DeepSeek][2026-07-21T18:51:29.951775+00:00] generator request succeeded (attempt 1, response_chars=5105)
[DeepSeek][2026-07-21T18:51:46.715897+00:00] generator request succeeded (attempt 1, response_chars=7667)
[DeepSeek][2026-07-21T18:51:52.698480+00:00] generator request succeeded (attempt 1, response_chars=8549)
[DeepSeek][2026-07-21T18:52:01.471740+00:00] analyzer request started (attempt 1/3)
[DeepSeek][2026-07-21T18:52:01.478134+00:00] analyzer request started (attempt 1/3)
[DeepSeek][2026-07-21T18:52:01.485378+00:00] analyzer request started (attempt 1/3)
[DeepSeek][2026-07-21T18:52:01.492076+00:00] analyzer request started (attempt 1/3)
[DeepSeek][2026-07-21T18:52:27.500141+00:00] analyzer request succeeded (attempt 1, response_chars=3795)
[DeepSeek][2026-07-21T18:52:35.036978+00:00] analyzer request succeeded (attempt 1, response_chars=4703)
[DeepSeek][2026-07-21T18:52:47.855658+00:00] analyzer request succeeded (attempt 1, response_chars=6597)
[DeepSeek][2026-07-21T18:52:52.980890+00:00] analyzer request succeeded (attempt 1, response_chars=6861)
[ColorPool] color=maroon round=3 completed accepted={0: 0, 1: 0, 2: 0, 3: 5, 4: 0} missing_bins=[0, 1, 2, 4] color_complete=False
[DeepSeek][2026-07-21T18:52:52.982409+00:00] generator request started (attempt 1/3)
[DeepSeek][2026-07-21T18:52:52.985763+00:00] generator request started (attempt 1/3)
[DeepSeek][2026-07-21T18:52:52.988935+00:00] generator request started (attempt 1/3)
[DeepSeek][2026-07-21T18:52:52.993478+00:00] generator request started (attempt 1/3)
[DeepSeek][2026-07-21T18:53:28.021943+00:00] generator request succeeded (attempt 1, response_chars=5158)
[DeepSeek][2026-07-21T18:53:30.635413+00:00] generator request succeeded (attempt 1, response_chars=4950)
[DeepSeek][2026-07-21T18:53:49.788446+00:00] generator request succeeded (attempt 1, response_chars=7937)
[DeepSeek][2026-07-21T18:53:50.055428+00:00] generator request succeeded (attempt 1, response_chars=8075)
[DeepSeek][2026-07-21T18:54:03.250496+00:00] analyzer request started (attempt 1/3)
[DeepSeek][2026-07-21T18:54:03.258342+00:00] analyzer request started (attempt 1/3)
[DeepSeek][2026-07-21T18:54:03.267348+00:00] analyzer request started (attempt 1/3)
[DeepSeek][2026-07-21T18:54:03.274790+00:00] analyzer request started (attempt 1/3)
[DeepSeek][2026-07-21T18:54:25.644367+00:00] analyzer request succeeded (attempt 1, response_chars=3440)
[DeepSeek][2026-07-21T18:54:42.875475+00:00] analyzer request succeeded (attempt 1, response_chars=5292)
[DeepSeek][2026-07-21T18:54:55.585399+00:00] analyzer request succeeded (attempt 1, response_chars=7334)
[DeepSeek][2026-07-21T18:54:57.149509+00:00] analyzer request succeeded (attempt 1, response_chars=8006)
[ColorPool] color=maroon round=4 completed accepted={0: 0, 1: 0, 2: 1, 3: 5, 4: 0} missing_bins=[0, 1, 2, 4] color_complete=False
[DeepSeek][2026-07-21T18:54:57.151288+00:00] generator request started (attempt 1/3)
[DeepSeek][2026-07-21T18:54:57.154552+00:00] generator request started (attempt 1/3)
[DeepSeek][2026-07-21T18:54:57.157431+00:00] generator request started (attempt 1/3)
[DeepSeek][2026-07-21T18:54:57.159843+00:00] generator request started (attempt 1/3)
[DeepSeek][2026-07-21T18:55:36.585941+00:00] generator request succeeded (attempt 1, response_chars=5108)
[DeepSeek][2026-07-21T18:55:39.539225+00:00] generator request succeeded (attempt 1, response_chars=5965)
[DeepSeek][2026-07-21T18:55:52.016423+00:00] generator request succeeded (attempt 1, response_chars=7944)
[DeepSeek][2026-07-21T18:55:59.103580+00:00] generator request succeeded (attempt 1, response_chars=8837)
[DeepSeek][2026-07-21T18:56:06.449113+00:00] analyzer request started (attempt 1/3)
[DeepSeek][2026-07-21T18:56:06.451957+00:00] analyzer request started (attempt 1/3)
[DeepSeek][2026-07-21T18:56:06.455167+00:00] analyzer request started (attempt 1/3)
[DeepSeek][2026-07-21T18:56:06.460228+00:00] analyzer request started (attempt 1/3)
[DeepSeek][2026-07-21T18:56:33.814827+00:00] analyzer request succeeded (attempt 1, response_chars=4024)
[DeepSeek][2026-07-21T18:56:45.202060+00:00] analyzer request succeeded (attempt 1, response_chars=5736)
[DeepSeek][2026-07-21T18:57:04.564936+00:00] analyzer request succeeded (attempt 1, response_chars=8223)
[DeepSeek][2026-07-21T18:57:04.908408+00:00] analyzer request succeeded (attempt 1, response_chars=8975)
[ColorPool] color=maroon round=5 completed accepted={0: 0, 1: 0, 2: 1, 3: 5, 4: 0} missing_bins=[0, 1, 2, 4] color_complete=False
[DeepSeek][2026-07-21T18:57:05.049453+00:00] generator request started (attempt 1/3)
[DeepSeek][2026-07-21T18:57:05.052194+00:00] generator request started (attempt 1/3)
[DeepSeek][2026-07-21T18:57:05.053957+00:00] generator request started (attempt 1/3)
[DeepSeek][2026-07-21T18:57:05.057097+00:00] generator request started (attempt 1/3)
[DeepSeek][2026-07-21T18:57:05.060064+00:00] generator request started (attempt 1/3)
[DeepSeek][2026-07-21T18:57:23.383103+00:00] generator request succeeded (attempt 1, response_chars=2384)
[DeepSeek][2026-07-21T18:57:37.847178+00:00] generator request succeeded (attempt 1, response_chars=4481)
[DeepSeek][2026-07-21T18:57:38.002245+00:00] generator request succeeded (attempt 1, response_chars=4649)
[DeepSeek][2026-07-21T18:57:53.846172+00:00] generator request succeeded (attempt 1, response_chars=6949)
[DeepSeek][2026-07-21T18:58:07.435294+00:00] generator request succeeded (attempt 1, response_chars=9901)
[DeepSeek][2026-07-21T18:58:13.589563+00:00] analyzer request started (attempt 1/3)
[DeepSeek][2026-07-21T18:58:13.593366+00:00] analyzer request started (attempt 1/3)
[DeepSeek][2026-07-21T18:58:13.596762+00:00] analyzer request started (attempt 1/3)
[DeepSeek][2026-07-21T18:58:13.601437+00:00] analyzer request started (attempt 1/3)
[DeepSeek][2026-07-21T18:58:13.605735+00:00] analyzer request started (attempt 1/3)
[DeepSeek][2026-07-21T18:58:31.434247+00:00] analyzer request succeeded (attempt 1, response_chars=2329)
[DeepSeek][2026-07-21T18:58:32.698089+00:00] analyzer request succeeded (attempt 1, response_chars=2580)
[DeepSeek][2026-07-21T18:58:32.821666+00:00] analyzer request succeeded (attempt 1, response_chars=2550)
[DeepSeek][2026-07-21T18:58:45.519185+00:00] analyzer request succeeded (attempt 1, response_chars=4615)
[DeepSeek][2026-07-21T18:58:54.086122+00:00] analyzer request failed (attempt 1): Expecting ',' delimiter: line 31 column 3 (char 2551)
[DeepSeek][2026-07-21T18:58:54.086222+00:00] analyzer request will retry
[DeepSeek][2026-07-21T18:58:55.086378+00:00] analyzer request started (attempt 2/3)
[DeepSeek][2026-07-21T18:59:18.136684+00:00] analyzer request succeeded (attempt 2, response_chars=3231)
[ColorPool] color=lime round=1 completed accepted={0: 0, 1: 0, 2: 0, 3: 4, 4: 0} missing_bins=[0, 1, 2, 3, 4] color_complete=False
[DeepSeek][2026-07-21T18:59:18.138225+00:00] generator request started (attempt 1/3)
[DeepSeek][2026-07-21T18:59:18.141493+00:00] generator request started (attempt 1/3)
[DeepSeek][2026-07-21T18:59:18.144705+00:00] generator request started (attempt 1/3)
[DeepSeek][2026-07-21T18:59:18.148563+00:00] generator request started (attempt 1/3)
[DeepSeek][2026-07-21T18:59:18.151515+00:00] generator request started (attempt 1/3)
[DeepSeek][2026-07-21T18:59:36.978200+00:00] generator request succeeded (attempt 1, response_chars=2438)
[DeepSeek][2026-07-21T18:59:48.291732+00:00] generator request succeeded (attempt 1, response_chars=4456)
[DeepSeek][2026-07-21T18:59:58.526919+00:00] generator request succeeded (attempt 1, response_chars=5899)
[DeepSeek][2026-07-21T19:00:06.382655+00:00] generator request succeeded (attempt 1, response_chars=7216)
[DeepSeek][2026-07-21T19:00:21.885874+00:00] generator request succeeded (attempt 1, response_chars=9830)
[DeepSeek][2026-07-21T19:00:35.217663+00:00] analyzer request started (attempt 1/3)
[DeepSeek][2026-07-21T19:00:35.225610+00:00] analyzer request started (attempt 1/3)
[DeepSeek][2026-07-21T19:00:35.229119+00:00] analyzer request started (attempt 1/3)
[DeepSeek][2026-07-21T19:00:35.236043+00:00] analyzer request started (attempt 1/3)
[DeepSeek][2026-07-21T19:01:03.425150+00:00] analyzer request succeeded (attempt 1, response_chars=3597)
[DeepSeek][2026-07-21T19:01:03.878040+00:00] analyzer request succeeded (attempt 1, response_chars=3968)
[DeepSeek][2026-07-21T19:01:04.274545+00:00] analyzer request succeeded (attempt 1, response_chars=4033)
[DeepSeek][2026-07-21T19:01:12.732515+00:00] analyzer request succeeded (attempt 1, response_chars=5381)
[ColorPool] color=lime round=2 completed accepted={0: 0, 1: 0, 2: 0, 3: 5, 4: 0} missing_bins=[0, 1, 2, 4] color_complete=False
[DeepSeek][2026-07-21T19:01:12.734043+00:00] generator request started (attempt 1/3)
[DeepSeek][2026-07-21T19:01:12.737371+00:00] generator request started (attempt 1/3)
[DeepSeek][2026-07-21T19:01:12.740461+00:00] generator request started (attempt 1/3)
[DeepSeek][2026-07-21T19:01:12.743309+00:00] generator request started (attempt 1/3)
[DeepSeek][2026-07-21T19:01:41.431558+00:00] generator request succeeded (attempt 1, response_chars=3854)
[DeepSeek][2026-07-21T19:01:44.341637+00:00] generator request succeeded (attempt 1, response_chars=4473)
[DeepSeek][2026-07-21T19:01:58.430025+00:00] generator request succeeded (attempt 1, response_chars=7149)
[DeepSeek][2026-07-21T19:02:20.824390+00:00] generator request succeeded (attempt 1, response_chars=10135)
[DeepSeek][2026-07-21T19:02:34.133396+00:00] analyzer request started (attempt 1/3)
[DeepSeek][2026-07-21T19:02:34.136090+00:00] analyzer request started (attempt 1/3)
[DeepSeek][2026-07-21T19:02:34.138275+00:00] analyzer request started (attempt 1/3)
[DeepSeek][2026-07-21T19:02:34.142363+00:00] analyzer request started (attempt 1/3)
[DeepSeek][2026-07-21T19:02:59.809610+00:00] analyzer request succeeded (attempt 1, response_chars=3707)
[DeepSeek][2026-07-21T19:03:17.841715+00:00] analyzer request succeeded (attempt 1, response_chars=6467)
[DeepSeek][2026-07-21T19:03:19.907154+00:00] analyzer request succeeded (attempt 1, response_chars=6284)
[DeepSeek][2026-07-21T19:03:21.782363+00:00] analyzer request succeeded (attempt 1, response_chars=6859)
[ColorPool] color=lime round=3 completed accepted={0: 0, 1: 0, 2: 0, 3: 5, 4: 0} missing_bins=[0, 1, 2, 4] color_complete=False
[DeepSeek][2026-07-21T19:03:21.783816+00:00] generator request started (attempt 1/3)
[DeepSeek][2026-07-21T19:03:21.786787+00:00] generator request started (attempt 1/3)
[DeepSeek][2026-07-21T19:03:21.790620+00:00] generator request started (attempt 1/3)
[DeepSeek][2026-07-21T19:03:21.794289+00:00] generator request started (attempt 1/3)
[DeepSeek][2026-07-21T19:03:48.194151+00:00] generator request succeeded (attempt 1, response_chars=3986)
[DeepSeek][2026-07-21T19:03:55.807838+00:00] generator request succeeded (attempt 1, response_chars=5505)
[DeepSeek][2026-07-21T19:04:22.986857+00:00] generator request succeeded (attempt 1, response_chars=9580)
[DeepSeek][2026-07-21T19:04:28.042776+00:00] generator request succeeded (attempt 1, response_chars=10248)
[DeepSeek][2026-07-21T19:04:42.367285+00:00] analyzer request started (attempt 1/3)
[DeepSeek][2026-07-21T19:04:42.377054+00:00] analyzer request started (attempt 1/3)
[DeepSeek][2026-07-21T19:04:42.383062+00:00] analyzer request started (attempt 1/3)
[DeepSeek][2026-07-21T19:04:42.390514+00:00] analyzer request started (attempt 1/3)
[DeepSeek][2026-07-21T19:05:17.856146+00:00] analyzer request succeeded (attempt 1, response_chars=4703)
[DeepSeek][2026-07-21T19:05:18.670088+00:00] analyzer request succeeded (attempt 1, response_chars=5082)
[DeepSeek][2026-07-21T19:05:26.151357+00:00] analyzer request succeeded (attempt 1, response_chars=6433)
[DeepSeek][2026-07-21T19:05:46.933579+00:00] analyzer request succeeded (attempt 1, response_chars=8839)
[ColorPool] color=lime round=4 completed accepted={0: 0, 1: 0, 2: 0, 3: 5, 4: 0} missing_bins=[0, 1, 2, 4] color_complete=False
[DeepSeek][2026-07-21T19:05:46.935083+00:00] generator request started (attempt 1/3)
[DeepSeek][2026-07-21T19:05:46.938490+00:00] generator request started (attempt 1/3)
[DeepSeek][2026-07-21T19:05:46.941630+00:00] generator request started (attempt 1/3)
[DeepSeek][2026-07-21T19:05:46.944545+00:00] generator request started (attempt 1/3)
[DeepSeek][2026-07-21T19:06:15.991975+00:00] generator request succeeded (attempt 1, response_chars=4195)
[DeepSeek][2026-07-21T19:06:22.022510+00:00] generator request succeeded (attempt 1, response_chars=5765)
[DeepSeek][2026-07-21T19:06:44.314053+00:00] generator request succeeded (attempt 1, response_chars=8795)
[DeepSeek][2026-07-21T19:07:00.410706+00:00] generator request succeeded (attempt 1, response_chars=11072)
[DeepSeek][2026-07-21T19:07:15.746041+00:00] analyzer request started (attempt 1/3)
[DeepSeek][2026-07-21T19:07:15.757413+00:00] analyzer request started (attempt 1/3)
[DeepSeek][2026-07-21T19:07:15.765212+00:00] analyzer request started (attempt 1/3)
[DeepSeek][2026-07-21T19:07:15.773968+00:00] analyzer request started (attempt 1/3)
[DeepSeek][2026-07-21T19:07:47.256573+00:00] analyzer request succeeded (attempt 1, response_chars=4687)
[DeepSeek][2026-07-21T19:07:53.514737+00:00] analyzer request succeeded (attempt 1, response_chars=5374)
[DeepSeek][2026-07-21T19:08:05.476100+00:00] analyzer request succeeded (attempt 1, response_chars=7397)
[DeepSeek][2026-07-21T19:08:16.375538+00:00] analyzer request succeeded (attempt 1, response_chars=8621)
[ColorPool] color=lime round=5 completed accepted={0: 0, 1: 0, 2: 0, 3: 5, 4: 0} missing_bins=[0, 1, 2, 4] color_complete=False
[DeepSeek][2026-07-21T19:08:16.508338+00:00] generator request started (attempt 1/3)
[DeepSeek][2026-07-21T19:08:16.511518+00:00] generator request started (attempt 1/3)
[DeepSeek][2026-07-21T19:08:16.514489+00:00] generator request started (attempt 1/3)
[DeepSeek][2026-07-21T19:08:16.517351+00:00] generator request started (attempt 1/3)
[DeepSeek][2026-07-21T19:08:16.520108+00:00] generator request started (attempt 1/3)
[DeepSeek][2026-07-21T19:08:33.885022+00:00] generator request succeeded (attempt 1, response_chars=2294)
[DeepSeek][2026-07-21T19:08:46.670077+00:00] generator request succeeded (attempt 1, response_chars=4437)
[DeepSeek][2026-07-21T19:08:47.347253+00:00] generator request succeeded (attempt 1, response_chars=4690)
[DeepSeek][2026-07-21T19:08:54.861862+00:00] generator request succeeded (attempt 1, response_chars=5827)
[DeepSeek][2026-07-21T19:09:03.838201+00:00] generator request succeeded (attempt 1, response_chars=7144)
[DeepSeek][2026-07-21T19:09:14.825565+00:00] analyzer request started (attempt 1/3)
[DeepSeek][2026-07-21T19:09:14.829016+00:00] analyzer request started (attempt 1/3)
[DeepSeek][2026-07-21T19:09:14.834125+00:00] analyzer request started (attempt 1/3)
[DeepSeek][2026-07-21T19:09:14.838913+00:00] analyzer request started (attempt 1/3)
[DeepSeek][2026-07-21T19:09:36.867071+00:00] analyzer request succeeded (attempt 1, response_chars=3064)
[DeepSeek][2026-07-21T19:09:42.718766+00:00] analyzer request succeeded (attempt 1, response_chars=4038)
[DeepSeek][2026-07-21T19:09:46.462267+00:00] analyzer request succeeded (attempt 1, response_chars=4664)
[DeepSeek][2026-07-21T19:09:46.931186+00:00] analyzer request succeeded (attempt 1, response_chars=4624)
[ColorPool] color=navy round=1 completed accepted={0: 0, 1: 0, 2: 2, 3: 5, 4: 0} missing_bins=[0, 1, 2, 4] color_complete=False
[DeepSeek][2026-07-21T19:09:46.932610+00:00] generator request started (attempt 1/3)
[DeepSeek][2026-07-21T19:09:46.936197+00:00] generator request started (attempt 1/3)
[DeepSeek][2026-07-21T19:09:46.939302+00:00] generator request started (attempt 1/3)
[DeepSeek][2026-07-21T19:09:46.942801+00:00] generator request started (attempt 1/3)
[DeepSeek][2026-07-21T19:10:18.483548+00:00] generator request succeeded (attempt 1, response_chars=4547)
[DeepSeek][2026-07-21T19:10:20.405829+00:00] generator request succeeded (attempt 1, response_chars=4751)
[DeepSeek][2026-07-21T19:10:37.616659+00:00] generator request succeeded (attempt 1, response_chars=7181)
[DeepSeek][2026-07-21T19:10:40.087641+00:00] generator request succeeded (attempt 1, response_chars=7802)
[DeepSeek][2026-07-21T19:10:50.295613+00:00] analyzer request started (attempt 1/3)
[DeepSeek][2026-07-21T19:10:50.301352+00:00] analyzer request started (attempt 1/3)
[DeepSeek][2026-07-21T19:10:50.307334+00:00] analyzer request started (attempt 1/3)
[DeepSeek][2026-07-21T19:11:09.602220+00:00] analyzer request succeeded (attempt 1, response_chars=2770)
[DeepSeek][2026-07-21T19:11:24.690370+00:00] analyzer request succeeded (attempt 1, response_chars=5282)
[DeepSeek][2026-07-21T19:11:33.460189+00:00] analyzer request succeeded (attempt 1, response_chars=6464)
[ColorPool] color=navy round=2 completed accepted={0: 0, 1: 0, 2: 5, 3: 5, 4: 0} missing_bins=[0, 1, 4] color_complete=False
[DeepSeek][2026-07-21T19:11:33.461610+00:00] generator request started (attempt 1/3)
[DeepSeek][2026-07-21T19:11:33.464943+00:00] generator request started (attempt 1/3)
[DeepSeek][2026-07-21T19:11:33.467994+00:00] generator request started (attempt 1/3)
[DeepSeek][2026-07-21T19:12:04.067491+00:00] generator request succeeded (attempt 1, response_chars=4650)
[DeepSeek][2026-07-21T19:12:27.780230+00:00] generator request succeeded (attempt 1, response_chars=8170)
[DeepSeek][2026-07-21T19:12:30.523683+00:00] generator request succeeded (attempt 1, response_chars=8895)
[DeepSeek][2026-07-21T19:12:41.152546+00:00] analyzer request started (attempt 1/3)
[DeepSeek][2026-07-21T19:12:41.157859+00:00] analyzer request started (attempt 1/3)
[DeepSeek][2026-07-21T19:12:41.163239+00:00] analyzer request started (attempt 1/3)
[DeepSeek][2026-07-21T19:13:15.329786+00:00] analyzer request succeeded (attempt 1, response_chars=4989)
[DeepSeek][2026-07-21T19:13:18.415326+00:00] analyzer request succeeded (attempt 1, response_chars=5086)
[DeepSeek][2026-07-21T19:13:55.567257+00:00] analyzer request succeeded (attempt 1, response_chars=11408)
[ColorPool] color=navy round=3 completed accepted={0: 0, 1: 0, 2: 5, 3: 5, 4: 0} missing_bins=[0, 1, 4] color_complete=False
[DeepSeek][2026-07-21T19:13:55.568657+00:00] generator request started (attempt 1/3)
[DeepSeek][2026-07-21T19:13:55.572124+00:00] generator request started (attempt 1/3)
[DeepSeek][2026-07-21T19:13:55.575252+00:00] generator request started (attempt 1/3)
[DeepSeek][2026-07-21T19:14:23.506797+00:00] generator request succeeded (attempt 1, response_chars=4270)
[DeepSeek][2026-07-21T19:14:47.574762+00:00] generator request succeeded (attempt 1, response_chars=8022)
[DeepSeek][2026-07-21T19:14:49.770797+00:00] generator request succeeded (attempt 1, response_chars=8195)
[DeepSeek][2026-07-21T19:15:01.189374+00:00] analyzer request started (attempt 1/3)
[DeepSeek][2026-07-21T19:15:01.197745+00:00] analyzer request started (attempt 1/3)
[DeepSeek][2026-07-21T19:15:01.202796+00:00] analyzer request started (attempt 1/3)
[DeepSeek][2026-07-21T19:15:35.056396+00:00] analyzer request succeeded (attempt 1, response_chars=5343)
[DeepSeek][2026-07-21T19:15:37.490825+00:00] analyzer request succeeded (attempt 1, response_chars=5551)
[DeepSeek][2026-07-21T19:17:01.364916+00:00] analyzer request failed (attempt 1): Request timed out.
[DeepSeek][2026-07-21T19:17:01.365033+00:00] analyzer request will retry
[DeepSeek][2026-07-21T19:17:02.365410+00:00] analyzer request started (attempt 2/3)
[DeepSeek][2026-07-21T19:19:02.528182+00:00] analyzer request failed (attempt 2): Request timed out.
[DeepSeek][2026-07-21T19:19:02.528313+00:00] analyzer request will retry
[DeepSeek][2026-07-21T19:19:04.528595+00:00] analyzer request started (attempt 3/3)
[DeepSeek][2026-07-21T19:21:04.706656+00:00] analyzer request failed (attempt 3): Request timed out.
[ColorPool] color=navy round=4 completed accepted={0: 0, 1: 0, 2: 5, 3: 5, 4: 0} missing_bins=[0, 1, 4] color_complete=False
[DeepSeek][2026-07-21T19:21:04.707681+00:00] generator request started (attempt 1/3)
[DeepSeek][2026-07-21T19:21:04.710770+00:00] generator request started (attempt 1/3)
[DeepSeek][2026-07-21T19:21:04.715142+00:00] generator request started (attempt 1/3)
[DeepSeek][2026-07-21T19:21:33.371389+00:00] generator request succeeded (attempt 1, response_chars=4226)
[DeepSeek][2026-07-21T19:21:52.675830+00:00] generator request succeeded (attempt 1, response_chars=7223)
[DeepSeek][2026-07-21T19:21:54.608078+00:00] generator request succeeded (attempt 1, response_chars=7718)
[DeepSeek][2026-07-21T19:22:06.105886+00:00] analyzer request started (attempt 1/3)
[DeepSeek][2026-07-21T19:22:06.108752+00:00] analyzer request started (attempt 1/3)
[DeepSeek][2026-07-21T19:22:06.111423+00:00] analyzer request started (attempt 1/3)
[DeepSeek][2026-07-21T19:22:34.135230+00:00] analyzer request succeeded (attempt 1, response_chars=4823)
[DeepSeek][2026-07-21T19:22:59.902327+00:00] analyzer request succeeded (attempt 1, response_chars=8362)
[DeepSeek][2026-07-21T19:24:06.272528+00:00] analyzer request failed (attempt 1): Request timed out.
[DeepSeek][2026-07-21T19:24:06.272646+00:00] analyzer request will retry
[DeepSeek][2026-07-21T19:24:07.272758+00:00] analyzer request started (attempt 2/3)
[DeepSeek][2026-07-21T19:26:07.351775+00:00] analyzer request failed (attempt 2): Request timed out.
[DeepSeek][2026-07-21T19:26:07.351893+00:00] analyzer request will retry
[DeepSeek][2026-07-21T19:26:09.352017+00:00] analyzer request started (attempt 3/3)
[DeepSeek][2026-07-21T19:28:09.518851+00:00] analyzer request failed (attempt 3): Request timed out.
[ColorPool] color=navy round=5 completed accepted={0: 0, 1: 0, 2: 5, 3: 5, 4: 0} missing_bins=[0, 1, 4] color_complete=False
[DeepSeek][2026-07-21T19:28:09.664001+00:00] generator request started (attempt 1/3)
[DeepSeek][2026-07-21T19:28:09.665389+00:00] generator request started (attempt 1/3)
[DeepSeek][2026-07-21T19:28:09.666324+00:00] generator request started (attempt 1/3)
[DeepSeek][2026-07-21T19:28:09.667493+00:00] generator request started (attempt 1/3)
[DeepSeek][2026-07-21T19:28:09.668717+00:00] generator request started (attempt 1/3)
[DeepSeek][2026-07-21T19:28:29.691621+00:00] generator request succeeded (attempt 1, response_chars=2595)
[DeepSeek][2026-07-21T19:28:41.713826+00:00] generator request succeeded (attempt 1, response_chars=4770)
[DeepSeek][2026-07-21T19:28:42.245989+00:00] generator request succeeded (attempt 1, response_chars=4711)
[DeepSeek][2026-07-21T19:29:00.967256+00:00] generator request succeeded (attempt 1, response_chars=7462)
[DeepSeek][2026-07-21T19:29:04.273516+00:00] generator request succeeded (attempt 1, response_chars=7736)
[DeepSeek][2026-07-21T19:29:08.241423+00:00] analyzer request started (attempt 1/3)
[DeepSeek][2026-07-21T19:29:08.244925+00:00] analyzer request started (attempt 1/3)
[DeepSeek][2026-07-21T19:29:08.249289+00:00] analyzer request started (attempt 1/3)
[DeepSeek][2026-07-21T19:29:08.253115+00:00] analyzer request started (attempt 1/3)
[DeepSeek][2026-07-21T19:29:08.258175+00:00] analyzer request started (attempt 1/3)
[DeepSeek][2026-07-21T19:29:27.719046+00:00] analyzer request succeeded (attempt 1, response_chars=2461)
[DeepSeek][2026-07-21T19:29:30.268715+00:00] analyzer request succeeded (attempt 1, response_chars=2779)
[DeepSeek][2026-07-21T19:29:33.080828+00:00] analyzer request succeeded (attempt 1, response_chars=3110)
[DeepSeek][2026-07-21T19:29:34.018474+00:00] analyzer request succeeded (attempt 1, response_chars=3142)
[DeepSeek][2026-07-21T19:29:35.750485+00:00] analyzer request succeeded (attempt 1, response_chars=3646)
[ColorPool] color=teal round=1 completed accepted={0: 0, 1: 0, 2: 0, 3: 0, 4: 0} missing_bins=[0, 1, 2, 3, 4] color_complete=False
[DeepSeek][2026-07-21T19:29:35.752656+00:00] generator request started (attempt 1/3)
[DeepSeek][2026-07-21T19:29:35.756652+00:00] generator request started (attempt 1/3)
[DeepSeek][2026-07-21T19:29:35.759878+00:00] generator request started (attempt 1/3)
[DeepSeek][2026-07-21T19:29:35.763144+00:00] generator request started (attempt 1/3)
[DeepSeek][2026-07-21T19:29:35.766393+00:00] generator request started (attempt 1/3)
[DeepSeek][2026-07-21T19:29:54.056351+00:00] generator request succeeded (attempt 1, response_chars=2504)
[DeepSeek][2026-07-21T19:30:12.937976+00:00] generator request succeeded (attempt 1, response_chars=5176)
[DeepSeek][2026-07-21T19:30:17.523263+00:00] generator request succeeded (attempt 1, response_chars=6077)
[DeepSeek][2026-07-21T19:30:25.187356+00:00] generator request succeeded (attempt 1, response_chars=7123)
[DeepSeek][2026-07-21T19:30:40.842690+00:00] generator request succeeded (attempt 1, response_chars=9245)
[DeepSeek][2026-07-21T19:30:48.967770+00:00] analyzer request started (attempt 1/3)
[DeepSeek][2026-07-21T19:30:48.974143+00:00] analyzer request started (attempt 1/3)
[DeepSeek][2026-07-21T19:30:48.979676+00:00] analyzer request started (attempt 1/3)
[DeepSeek][2026-07-21T19:30:48.984683+00:00] analyzer request started (attempt 1/3)
[DeepSeek][2026-07-21T19:30:48.989121+00:00] analyzer request started (attempt 1/3)
[DeepSeek][2026-07-21T19:31:08.994174+00:00] analyzer request succeeded (attempt 1, response_chars=2730)
[DeepSeek][2026-07-21T19:31:15.183182+00:00] analyzer request succeeded (attempt 1, response_chars=3869)
[DeepSeek][2026-07-21T19:31:20.642886+00:00] analyzer request succeeded (attempt 1, response_chars=4359)
[DeepSeek][2026-07-21T19:31:26.207190+00:00] analyzer request succeeded (attempt 1, response_chars=5431)
[DeepSeek][2026-07-21T19:31:33.092014+00:00] analyzer request succeeded (attempt 1, response_chars=6415)
[ColorPool] color=teal round=2 completed accepted={0: 0, 1: 0, 2: 0, 3: 3, 4: 0} missing_bins=[0, 1, 2, 3, 4] color_complete=False
[DeepSeek][2026-07-21T19:31:33.093892+00:00] generator request started (attempt 1/3)
[DeepSeek][2026-07-21T19:31:33.097329+00:00] generator request started (attempt 1/3)
[DeepSeek][2026-07-21T19:31:33.100367+00:00] generator request started (attempt 1/3)
[DeepSeek][2026-07-21T19:31:33.103672+00:00] generator request started (attempt 1/3)
[DeepSeek][2026-07-21T19:31:33.106628+00:00] generator request started (attempt 1/3)
[DeepSeek][2026-07-21T19:31:59.536625+00:00] generator request succeeded (attempt 1, response_chars=3124)
[DeepSeek][2026-07-21T19:32:12.783343+00:00] generator request succeeded (attempt 1, response_chars=4921)
[DeepSeek][2026-07-21T19:32:18.342196+00:00] generator request succeeded (attempt 1, response_chars=6228)
[DeepSeek][2026-07-21T19:32:25.811972+00:00] generator request succeeded (attempt 1, response_chars=7302)
[DeepSeek][2026-07-21T19:32:32.520359+00:00] generator request succeeded (attempt 1, response_chars=7935)
[DeepSeek][2026-07-21T19:32:40.350896+00:00] analyzer request started (attempt 1/3)
[DeepSeek][2026-07-21T19:32:40.357135+00:00] analyzer request started (attempt 1/3)
[DeepSeek][2026-07-21T19:32:40.362418+00:00] analyzer request started (attempt 1/3)
[DeepSeek][2026-07-21T19:32:40.368311+00:00] analyzer request started (attempt 1/3)
[DeepSeek][2026-07-21T19:32:59.973841+00:00] analyzer request succeeded (attempt 1, response_chars=2911)
[DeepSeek][2026-07-21T19:33:03.233941+00:00] analyzer request succeeded (attempt 1, response_chars=3608)
[DeepSeek][2026-07-21T19:33:17.780172+00:00] analyzer request succeeded (attempt 1, response_chars=5234)
[DeepSeek][2026-07-21T19:33:28.829402+00:00] analyzer request succeeded (attempt 1, response_chars=7375)
[ColorPool] color=teal round=3 completed accepted={0: 0, 1: 0, 2: 0, 3: 5, 4: 0} missing_bins=[0, 1, 2, 4] color_complete=False
[DeepSeek][2026-07-21T19:33:28.831004+00:00] generator request started (attempt 1/3)
[DeepSeek][2026-07-21T19:33:28.834362+00:00] generator request started (attempt 1/3)
[DeepSeek][2026-07-21T19:33:28.837460+00:00] generator request started (attempt 1/3)
[DeepSeek][2026-07-21T19:33:28.840393+00:00] generator request started (attempt 1/3)
[DeepSeek][2026-07-21T19:34:08.371384+00:00] generator request succeeded (attempt 1, response_chars=5359)
[DeepSeek][2026-07-21T19:34:12.303880+00:00] generator request succeeded (attempt 1, response_chars=5877)
[DeepSeek][2026-07-21T19:34:23.578658+00:00] generator request succeeded (attempt 1, response_chars=7939)
[DeepSeek][2026-07-21T19:34:23.883969+00:00] generator request succeeded (attempt 1, response_chars=7960)
[DeepSeek][2026-07-21T19:34:37.800274+00:00] analyzer request started (attempt 1/3)
[DeepSeek][2026-07-21T19:34:37.803725+00:00] analyzer request started (attempt 1/3)
[DeepSeek][2026-07-21T19:34:37.810292+00:00] analyzer request started (attempt 1/3)
[DeepSeek][2026-07-21T19:34:37.815573+00:00] analyzer request started (attempt 1/3)
[DeepSeek][2026-07-21T19:35:04.964641+00:00] analyzer request succeeded (attempt 1, response_chars=3775)
[DeepSeek][2026-07-21T19:35:08.655692+00:00] analyzer request succeeded (attempt 1, response_chars=4252)
[DeepSeek][2026-07-21T19:35:11.134985+00:00] analyzer request succeeded (attempt 1, response_chars=5139)
[DeepSeek][2026-07-21T19:35:32.937091+00:00] analyzer request succeeded (attempt 1, response_chars=8729)
[ColorPool] color=teal round=4 completed accepted={0: 0, 1: 0, 2: 0, 3: 5, 4: 0} missing_bins=[0, 1, 2, 4] color_complete=False
[DeepSeek][2026-07-21T19:35:32.938681+00:00] generator request started (attempt 1/3)
[DeepSeek][2026-07-21T19:35:32.942007+00:00] generator request started (attempt 1/3)
[DeepSeek][2026-07-21T19:35:32.945116+00:00] generator request started (attempt 1/3)
[DeepSeek][2026-07-21T19:35:32.948228+00:00] generator request started (attempt 1/3)
[DeepSeek][2026-07-21T19:36:07.783544+00:00] generator request succeeded (attempt 1, response_chars=4581)
[DeepSeek][2026-07-21T19:36:09.760282+00:00] generator request succeeded (attempt 1, response_chars=5406)
[DeepSeek][2026-07-21T19:36:18.835812+00:00] generator request succeeded (attempt 1, response_chars=6931)
[DeepSeek][2026-07-21T19:36:28.885347+00:00] generator request succeeded (attempt 1, response_chars=8463)
[DeepSeek][2026-07-21T19:36:39.059039+00:00] analyzer request started (attempt 1/3)
[DeepSeek][2026-07-21T19:36:39.067856+00:00] analyzer request started (attempt 1/3)
[DeepSeek][2026-07-21T19:36:39.076536+00:00] analyzer request started (attempt 1/3)
[DeepSeek][2026-07-21T19:36:39.085145+00:00] analyzer request started (attempt 1/3)
[DeepSeek][2026-07-21T19:37:03.439909+00:00] analyzer request succeeded (attempt 1, response_chars=3663)
[DeepSeek][2026-07-21T19:37:05.018492+00:00] analyzer request succeeded (attempt 1, response_chars=3922)
[DeepSeek][2026-07-21T19:37:29.324082+00:00] analyzer request succeeded (attempt 1, response_chars=8450)
[DeepSeek][2026-07-21T19:37:30.012200+00:00] analyzer request succeeded (attempt 1, response_chars=7577)
[ColorPool] color=teal round=5 completed accepted={0: 0, 1: 0, 2: 0, 3: 5, 4: 0} missing_bins=[0, 1, 2, 4] color_complete=False
[DeepSeek][2026-07-21T19:37:30.160342+00:00] generator request started (attempt 1/3)
[DeepSeek][2026-07-21T19:37:30.163528+00:00] generator request started (attempt 1/3)
[DeepSeek][2026-07-21T19:37:30.166666+00:00] generator request started (attempt 1/3)
[DeepSeek][2026-07-21T19:37:30.169724+00:00] generator request started (attempt 1/3)
[DeepSeek][2026-07-21T19:37:30.172609+00:00] generator request started (attempt 1/3)
[DeepSeek][2026-07-21T19:37:48.350081+00:00] generator request succeeded (attempt 1, response_chars=2274)
[DeepSeek][2026-07-21T19:38:01.274421+00:00] generator request succeeded (attempt 1, response_chars=4206)
[DeepSeek][2026-07-21T19:38:03.816292+00:00] generator request succeeded (attempt 1, response_chars=4645)
[DeepSeek][2026-07-21T19:38:17.199547+00:00] generator request succeeded (attempt 1, response_chars=6760)
[DeepSeek][2026-07-21T19:38:23.462625+00:00] generator request succeeded (attempt 1, response_chars=7890)
[DeepSeek][2026-07-21T19:38:33.953104+00:00] analyzer request started (attempt 1/3)
[DeepSeek][2026-07-21T19:38:33.955618+00:00] analyzer request started (attempt 1/3)
[DeepSeek][2026-07-21T19:38:33.958441+00:00] analyzer request started (attempt 1/3)
[DeepSeek][2026-07-21T19:38:33.961797+00:00] analyzer request started (attempt 1/3)
[DeepSeek][2026-07-21T19:38:33.964889+00:00] analyzer request started (attempt 1/3)
[DeepSeek][2026-07-21T19:38:55.635768+00:00] analyzer request succeeded (attempt 1, response_chars=3331)
[DeepSeek][2026-07-21T19:38:56.108557+00:00] analyzer request succeeded (attempt 1, response_chars=3225)
[DeepSeek][2026-07-21T19:38:58.742825+00:00] analyzer request succeeded (attempt 1, response_chars=3726)
[DeepSeek][2026-07-21T19:39:04.759962+00:00] analyzer request succeeded (attempt 1, response_chars=5158)
[DeepSeek][2026-07-21T19:39:11.584186+00:00] analyzer request succeeded (attempt 1, response_chars=6427)
[ColorPool] color=olive round=1 completed accepted={0: 0, 1: 0, 2: 2, 3: 2, 4: 0} missing_bins=[0, 1, 2, 3, 4] color_complete=False
[DeepSeek][2026-07-21T19:39:11.585917+00:00] generator request started (attempt 1/3)
[DeepSeek][2026-07-21T19:39:11.589238+00:00] generator request started (attempt 1/3)
[DeepSeek][2026-07-21T19:39:11.593742+00:00] generator request started (attempt 1/3)
[DeepSeek][2026-07-21T19:39:11.596034+00:00] generator request started (attempt 1/3)
[DeepSeek][2026-07-21T19:39:11.599532+00:00] generator request started (attempt 1/3)
[DeepSeek][2026-07-21T19:39:26.479890+00:00] generator request succeeded (attempt 1, response_chars=2472)
[DeepSeek][2026-07-21T19:39:41.082346+00:00] generator request succeeded (attempt 1, response_chars=4640)
[DeepSeek][2026-07-21T19:39:43.228065+00:00] generator request succeeded (attempt 1, response_chars=4746)
[DeepSeek][2026-07-21T19:40:01.404422+00:00] generator request succeeded (attempt 1, response_chars=7664)
[DeepSeek][2026-07-21T19:40:02.014218+00:00] generator request succeeded (attempt 1, response_chars=7534)
[DeepSeek][2026-07-21T19:40:11.410049+00:00] analyzer request started (attempt 1/3)
[DeepSeek][2026-07-21T19:40:11.416174+00:00] analyzer request started (attempt 1/3)
[DeepSeek][2026-07-21T19:40:11.421523+00:00] analyzer request started (attempt 1/3)
[DeepSeek][2026-07-21T19:40:11.427361+00:00] analyzer request started (attempt 1/3)
[DeepSeek][2026-07-21T19:40:37.759922+00:00] analyzer request succeeded (attempt 1, response_chars=3549)
[DeepSeek][2026-07-21T19:40:43.279082+00:00] analyzer request succeeded (attempt 1, response_chars=4448)
[DeepSeek][2026-07-21T19:40:48.246268+00:00] analyzer request succeeded (attempt 1, response_chars=4818)
[DeepSeek][2026-07-21T19:41:12.223572+00:00] analyzer request succeeded (attempt 1, response_chars=9396)
[ColorPool] color=olive round=2 completed accepted={0: 0, 1: 0, 2: 5, 3: 2, 4: 0} missing_bins=[0, 1, 3, 4] color_complete=False
[DeepSeek][2026-07-21T19:41:12.225054+00:00] generator request started (attempt 1/3)
[DeepSeek][2026-07-21T19:41:12.228336+00:00] generator request started (attempt 1/3)
[DeepSeek][2026-07-21T19:41:12.231370+00:00] generator request started (attempt 1/3)
[DeepSeek][2026-07-21T19:41:12.234316+00:00] generator request started (attempt 1/3)
[DeepSeek][2026-07-21T19:41:31.378906+00:00] generator request succeeded (attempt 1, response_chars=2398)
[DeepSeek][2026-07-21T19:41:32.898403+00:00] generator request succeeded (attempt 1, response_chars=2892)
[DeepSeek][2026-07-21T19:41:45.146456+00:00] generator request succeeded (attempt 1, response_chars=4856)
[DeepSeek][2026-07-21T19:42:14.120345+00:00] generator request succeeded (attempt 1, response_chars=9621)
[DeepSeek][2026-07-21T19:42:18.605546+00:00] analyzer request started (attempt 1/3)
[DeepSeek][2026-07-21T19:42:18.609435+00:00] analyzer request started (attempt 1/3)
[DeepSeek][2026-07-21T19:42:18.615021+00:00] analyzer request started (attempt 1/3)
[DeepSeek][2026-07-21T19:42:18.621611+00:00] analyzer request started (attempt 1/3)
[DeepSeek][2026-07-21T19:42:40.490681+00:00] analyzer request succeeded (attempt 1, response_chars=3233)
[DeepSeek][2026-07-21T19:42:47.985482+00:00] analyzer request succeeded (attempt 1, response_chars=4675)
[DeepSeek][2026-07-21T19:42:48.303247+00:00] analyzer request succeeded (attempt 1, response_chars=3906)
[DeepSeek][2026-07-21T19:43:16.218440+00:00] analyzer request succeeded (attempt 1, response_chars=8922)
[ColorPool] color=olive round=3 completed accepted={0: 0, 1: 0, 2: 5, 3: 2, 4: 0} missing_bins=[0, 1, 3, 4] color_complete=False
[DeepSeek][2026-07-21T19:43:16.219826+00:00] generator request started (attempt 1/3)
[DeepSeek][2026-07-21T19:43:16.223082+00:00] generator request started (attempt 1/3)
[DeepSeek][2026-07-21T19:43:16.226237+00:00] generator request started (attempt 1/3)
[DeepSeek][2026-07-21T19:43:16.229295+00:00] generator request started (attempt 1/3)
[DeepSeek][2026-07-21T19:43:33.518071+00:00] generator request succeeded (attempt 1, response_chars=2562)
[DeepSeek][2026-07-21T19:43:47.026352+00:00] generator request succeeded (attempt 1, response_chars=4582)
[DeepSeek][2026-07-21T19:43:48.487170+00:00] generator request succeeded (attempt 1, response_chars=4722)
[DeepSeek][2026-07-21T19:44:59.935770+00:00] generator request succeeded (attempt 1, response_chars=17570)
[DeepSeek][2026-07-21T19:45:03.999839+00:00] analyzer request started (attempt 1/3)
[DeepSeek][2026-07-21T19:45:04.004322+00:00] analyzer request started (attempt 1/3)
[DeepSeek][2026-07-21T19:45:04.008478+00:00] analyzer request started (attempt 1/3)
[DeepSeek][2026-07-21T19:45:04.014288+00:00] analyzer request started (attempt 1/3)
[DeepSeek][2026-07-21T19:45:24.076407+00:00] analyzer request succeeded (attempt 1, response_chars=3044)
[DeepSeek][2026-07-21T19:45:34.571381+00:00] analyzer request succeeded (attempt 1, response_chars=4391)
[DeepSeek][2026-07-21T19:45:36.129315+00:00] analyzer request succeeded (attempt 1, response_chars=4879)
[DeepSeek][2026-07-21T19:45:49.227133+00:00] analyzer request succeeded (attempt 1, response_chars=7114)
[ColorPool] color=olive round=4 completed accepted={0: 0, 1: 0, 2: 5, 3: 2, 4: 0} missing_bins=[0, 1, 3, 4] color_complete=False
[DeepSeek][2026-07-21T19:45:49.228583+00:00] generator request started (attempt 1/3)
[DeepSeek][2026-07-21T19:45:49.231915+00:00] generator request started (attempt 1/3)
[DeepSeek][2026-07-21T19:45:49.234898+00:00] generator request started (attempt 1/3)
[DeepSeek][2026-07-21T19:45:49.237980+00:00] generator request started (attempt 1/3)
[DeepSeek][2026-07-21T19:46:04.790391+00:00] generator request succeeded (attempt 1, response_chars=2512)
[DeepSeek][2026-07-21T19:46:17.126846+00:00] generator request succeeded (attempt 1, response_chars=4332)
[DeepSeek][2026-07-21T19:46:45.319285+00:00] generator request succeeded (attempt 1, response_chars=8392)
[DeepSeek][2026-07-21T19:47:03.939273+00:00] generator request succeeded (attempt 1, response_chars=12014)
[DeepSeek][2026-07-21T19:47:07.897477+00:00] analyzer request started (attempt 1/3)
[DeepSeek][2026-07-21T19:47:07.902136+00:00] analyzer request started (attempt 1/3)
[DeepSeek][2026-07-21T19:47:07.908738+00:00] analyzer request started (attempt 1/3)
[DeepSeek][2026-07-21T19:47:07.916729+00:00] analyzer request started (attempt 1/3)
[DeepSeek][2026-07-21T19:47:29.861461+00:00] analyzer request succeeded (attempt 1, response_chars=3561)
[DeepSeek][2026-07-21T19:47:31.231705+00:00] analyzer request succeeded (attempt 1, response_chars=3375)
[DeepSeek][2026-07-21T19:47:45.495540+00:00] analyzer request succeeded (attempt 1, response_chars=5346)
[DeepSeek][2026-07-21T19:48:02.580770+00:00] analyzer request succeeded (attempt 1, response_chars=7859)
[ColorPool] color=olive round=5 completed accepted={0: 0, 1: 0, 2: 5, 3: 2, 4: 0} missing_bins=[0, 1, 3, 4] color_complete=False
[DeepSeek][2026-07-21T19:48:02.732818+00:00] generator request started (attempt 1/3)
[DeepSeek][2026-07-21T19:48:02.736074+00:00] generator request started (attempt 1/3)
[DeepSeek][2026-07-21T19:48:02.739156+00:00] generator request started (attempt 1/3)
[DeepSeek][2026-07-21T19:48:02.741942+00:00] generator request started (attempt 1/3)
[DeepSeek][2026-07-21T19:48:02.744756+00:00] generator request started (attempt 1/3)
[DeepSeek][2026-07-21T19:48:20.293590+00:00] generator request succeeded (attempt 1, response_chars=2342)
[DeepSeek][2026-07-21T19:48:34.527769+00:00] generator request succeeded (attempt 1, response_chars=4454)
[DeepSeek][2026-07-21T19:48:38.252685+00:00] generator request succeeded (attempt 1, response_chars=4659)
[DeepSeek][2026-07-21T19:48:49.771720+00:00] generator request succeeded (attempt 1, response_chars=6834)
[DeepSeek][2026-07-21T19:49:07.983859+00:00] generator request succeeded (attempt 1, response_chars=9802)
[DeepSeek][2026-07-21T19:49:15.744499+00:00] analyzer request started (attempt 1/3)
[DeepSeek][2026-07-21T19:49:15.747919+00:00] analyzer request started (attempt 1/3)
[DeepSeek][2026-07-21T19:49:15.752022+00:00] analyzer request started (attempt 1/3)
[DeepSeek][2026-07-21T19:49:15.756075+00:00] analyzer request started (attempt 1/3)
[DeepSeek][2026-07-21T19:49:15.760251+00:00] analyzer request started (attempt 1/3)
[DeepSeek][2026-07-21T19:49:34.363327+00:00] analyzer request succeeded (attempt 1, response_chars=2574)
[DeepSeek][2026-07-21T19:49:38.348802+00:00] analyzer request succeeded (attempt 1, response_chars=3021)
[DeepSeek][2026-07-21T19:49:41.151904+00:00] analyzer request succeeded (attempt 1, response_chars=3561)
[DeepSeek][2026-07-21T19:49:43.009924+00:00] analyzer request succeeded (attempt 1, response_chars=3964)
[DeepSeek][2026-07-21T19:49:43.275083+00:00] analyzer request succeeded (attempt 1, response_chars=4041)
[ColorPool] color=magenta round=1 completed accepted={0: 0, 1: 0, 2: 0, 3: 0, 4: 0} missing_bins=[0, 1, 2, 3, 4] color_complete=False
[DeepSeek][2026-07-21T19:49:43.276643+00:00] generator request started (attempt 1/3)
[DeepSeek][2026-07-21T19:49:43.279570+00:00] generator request started (attempt 1/3)
[DeepSeek][2026-07-21T19:49:43.283429+00:00] generator request started (attempt 1/3)
[DeepSeek][2026-07-21T19:49:43.286952+00:00] generator request started (attempt 1/3)
[DeepSeek][2026-07-21T19:49:43.290237+00:00] generator request started (attempt 1/3)
[DeepSeek][2026-07-21T19:50:04.544943+00:00] generator request succeeded (attempt 1, response_chars=2909)
[DeepSeek][2026-07-21T19:50:15.838686+00:00] generator request succeeded (attempt 1, response_chars=4621)
[DeepSeek][2026-07-21T19:50:16.896400+00:00] generator request succeeded (attempt 1, response_chars=4550)
[DeepSeek][2026-07-21T19:50:32.688226+00:00] generator request succeeded (attempt 1, response_chars=7140)
[DeepSeek][2026-07-21T19:50:38.275092+00:00] generator request succeeded (attempt 1, response_chars=8204)
[DeepSeek][2026-07-21T19:50:48.153457+00:00] analyzer request started (attempt 1/3)
[DeepSeek][2026-07-21T19:50:48.160977+00:00] analyzer request started (attempt 1/3)
[DeepSeek][2026-07-21T19:50:48.165898+00:00] analyzer request started (attempt 1/3)
[DeepSeek][2026-07-21T19:50:48.170468+00:00] analyzer request started (attempt 1/3)
[DeepSeek][2026-07-21T19:50:48.176092+00:00] analyzer request started (attempt 1/3)
[DeepSeek][2026-07-21T19:51:08.642655+00:00] analyzer request succeeded (attempt 1, response_chars=2869)
[DeepSeek][2026-07-21T19:51:17.231074+00:00] analyzer request succeeded (attempt 1, response_chars=4027)
[DeepSeek][2026-07-21T19:51:36.902001+00:00] analyzer request succeeded (attempt 1, response_chars=6956)
[DeepSeek][2026-07-21T19:51:45.964191+00:00] analyzer request succeeded (attempt 1, response_chars=7926)
[DeepSeek][2026-07-21T19:52:01.435430+00:00] analyzer request succeeded (attempt 1, response_chars=11275)
[ColorPool] color=magenta round=2 completed accepted={0: 0, 1: 0, 2: 0, 3: 0, 4: 0} missing_bins=[0, 1, 2, 3, 4] color_complete=False
[DeepSeek][2026-07-21T19:52:01.436912+00:00] generator request started (attempt 1/3)
[DeepSeek][2026-07-21T19:52:01.439244+00:00] generator request started (attempt 1/3)
[DeepSeek][2026-07-21T19:52:01.441448+00:00] generator request started (attempt 1/3)
[DeepSeek][2026-07-21T19:52:01.443547+00:00] generator request started (attempt 1/3)
[DeepSeek][2026-07-21T19:52:01.445711+00:00] generator request started (attempt 1/3)
[DeepSeek][2026-07-21T19:52:22.412734+00:00] generator request succeeded (attempt 1, response_chars=3039)
[DeepSeek][2026-07-21T19:52:32.987257+00:00] generator request succeeded (attempt 1, response_chars=5011)
[DeepSeek][2026-07-21T19:52:35.816056+00:00] generator request succeeded (attempt 1, response_chars=4701)
[DeepSeek][2026-07-21T19:52:55.883695+00:00] generator request succeeded (attempt 1, response_chars=8284)
[DeepSeek][2026-07-21T19:53:05.554993+00:00] generator request succeeded (attempt 1, response_chars=9956)
[DeepSeek][2026-07-21T19:53:14.789940+00:00] analyzer request started (attempt 1/3)
[DeepSeek][2026-07-21T19:53:14.798236+00:00] analyzer request started (attempt 1/3)
[DeepSeek][2026-07-21T19:53:14.803413+00:00] analyzer request started (attempt 1/3)
[DeepSeek][2026-07-21T19:53:14.808665+00:00] analyzer request started (attempt 1/3)
[DeepSeek][2026-07-21T19:53:14.815716+00:00] analyzer request started (attempt 1/3)
[DeepSeek][2026-07-21T19:53:39.396263+00:00] analyzer request succeeded (attempt 1, response_chars=3466)
[DeepSeek][2026-07-21T19:53:50.276262+00:00] analyzer request succeeded (attempt 1, response_chars=4839)
[DeepSeek][2026-07-21T19:53:57.344675+00:00] analyzer request succeeded (attempt 1, response_chars=6303)
[DeepSeek][2026-07-21T19:54:08.628073+00:00] analyzer request succeeded (attempt 1, response_chars=7950)
[DeepSeek][2026-07-21T19:54:24.824462+00:00] analyzer request succeeded (attempt 1, response_chars=11746)
[ColorPool] color=magenta round=3 completed accepted={0: 0, 1: 0, 2: 0, 3: 0, 4: 0} missing_bins=[0, 1, 2, 3, 4] color_complete=False
[DeepSeek][2026-07-21T19:54:24.826103+00:00] generator request started (attempt 1/3)
[DeepSeek][2026-07-21T19:54:24.829464+00:00] generator request started (attempt 1/3)
[DeepSeek][2026-07-21T19:54:24.832709+00:00] generator request started (attempt 1/3)
[DeepSeek][2026-07-21T19:54:24.835809+00:00] generator request started (attempt 1/3)
[DeepSeek][2026-07-21T19:54:24.838749+00:00] generator request started (attempt 1/3)
[DeepSeek][2026-07-21T19:54:44.193984+00:00] generator request succeeded (attempt 1, response_chars=2497)
[DeepSeek][2026-07-21T19:54:58.902936+00:00] generator request succeeded (attempt 1, response_chars=5009)
[DeepSeek][2026-07-21T19:55:01.767388+00:00] generator request succeeded (attempt 1, response_chars=5018)
[DeepSeek][2026-07-21T19:55:29.795945+00:00] generator request succeeded (attempt 1, response_chars=9821)
[DeepSeek][2026-07-21T19:55:30.883572+00:00] generator request succeeded (attempt 1, response_chars=11916)
[DeepSeek][2026-07-21T19:55:38.488713+00:00] analyzer request started (attempt 1/3)
[DeepSeek][2026-07-21T19:55:38.493560+00:00] analyzer request started (attempt 1/3)
[DeepSeek][2026-07-21T19:55:38.498818+00:00] analyzer request started (attempt 1/3)
[DeepSeek][2026-07-21T19:55:38.503619+00:00] analyzer request started (attempt 1/3)
[DeepSeek][2026-07-21T19:55:38.506270+00:00] analyzer request started (attempt 1/3)
[DeepSeek][2026-07-21T19:55:57.291704+00:00] analyzer request succeeded (attempt 1, response_chars=3508)
[DeepSeek][2026-07-21T19:55:59.723512+00:00] analyzer request succeeded (attempt 1, response_chars=3881)
[DeepSeek][2026-07-21T19:56:20.285815+00:00] analyzer request succeeded (attempt 1, response_chars=7163)
[DeepSeek][2026-07-21T19:56:20.959684+00:00] analyzer request succeeded (attempt 1, response_chars=7390)
[DeepSeek][2026-07-21T19:56:46.491200+00:00] analyzer request succeeded (attempt 1, response_chars=11365)
[ColorPool] color=magenta round=4 completed accepted={0: 0, 1: 0, 2: 1, 3: 0, 4: 0} missing_bins=[0, 1, 2, 3, 4] color_complete=False
[DeepSeek][2026-07-21T19:56:46.492857+00:00] generator request started (attempt 1/3)
[DeepSeek][2026-07-21T19:56:46.496176+00:00] generator request started (attempt 1/3)
[DeepSeek][2026-07-21T19:56:46.499515+00:00] generator request started (attempt 1/3)
[DeepSeek][2026-07-21T19:56:46.503314+00:00] generator request started (attempt 1/3)
[DeepSeek][2026-07-21T19:56:46.506785+00:00] generator request started (attempt 1/3)
[DeepSeek][2026-07-21T19:56:58.441735+00:00] generator request succeeded (attempt 1, response_chars=1788)
[DeepSeek][2026-07-21T19:57:06.280016+00:00] generator request succeeded (attempt 1, response_chars=2934)
[DeepSeek][2026-07-21T19:57:26.431742+00:00] generator request succeeded (attempt 1, response_chars=5476)
[DeepSeek][2026-07-21T19:57:38.440262+00:00] generator request succeeded (attempt 1, response_chars=8215)
[DeepSeek][2026-07-21T19:57:45.835136+00:00] generator request succeeded (attempt 1, response_chars=8837)
[DeepSeek][2026-07-21T19:57:50.645759+00:00] analyzer request started (attempt 1/3)
[DeepSeek][2026-07-21T19:57:50.651873+00:00] analyzer request started (attempt 1/3)
[DeepSeek][2026-07-21T19:57:50.658047+00:00] analyzer request started (attempt 1/3)
[DeepSeek][2026-07-21T19:57:50.663689+00:00] analyzer request started (attempt 1/3)
[DeepSeek][2026-07-21T19:57:50.672374+00:00] analyzer request started (attempt 1/3)
[DeepSeek][2026-07-21T19:58:18.396993+00:00] analyzer request succeeded (attempt 1, response_chars=3946)
[DeepSeek][2026-07-21T19:58:33.782469+00:00] analyzer request succeeded (attempt 1, response_chars=5787)
[DeepSeek][2026-07-21T19:58:46.835051+00:00] analyzer request succeeded (attempt 1, response_chars=8042)
[DeepSeek][2026-07-21T19:58:59.329434+00:00] analyzer request succeeded (attempt 1, response_chars=10235)
[DeepSeek][2026-07-21T19:59:04.579557+00:00] analyzer request succeeded (attempt 1, response_chars=11438)
[ColorPool] color=magenta round=5 completed accepted={0: 0, 1: 0, 2: 1, 3: 0, 4: 0} missing_bins=[0, 1, 2, 3, 4] color_complete=False
[DeepSeek][2026-07-21T19:59:04.737760+00:00] generator request started (attempt 1/3)
[DeepSeek][2026-07-21T19:59:04.740974+00:00] generator request started (attempt 1/3)
[DeepSeek][2026-07-21T19:59:04.744049+00:00] generator request started (attempt 1/3)
[DeepSeek][2026-07-21T19:59:04.746773+00:00] generator request started (attempt 1/3)
[DeepSeek][2026-07-21T19:59:04.749546+00:00] generator request started (attempt 1/3)
[DeepSeek][2026-07-21T19:59:26.583053+00:00] generator request succeeded (attempt 1, response_chars=2707)
[DeepSeek][2026-07-21T19:59:36.226823+00:00] generator request succeeded (attempt 1, response_chars=4225)
[DeepSeek][2026-07-21T19:59:43.923998+00:00] generator request succeeded (attempt 1, response_chars=5123)
[DeepSeek][2026-07-21T19:59:55.317194+00:00] generator request succeeded (attempt 1, response_chars=6977)
[DeepSeek][2026-07-21T20:00:02.667508+00:00] generator request succeeded (attempt 1, response_chars=7906)
[DeepSeek][2026-07-21T20:00:15.264023+00:00] analyzer request started (attempt 1/3)
[DeepSeek][2026-07-21T20:00:15.267464+00:00] analyzer request started (attempt 1/3)
[DeepSeek][2026-07-21T20:00:15.269446+00:00] analyzer request started (attempt 1/3)
[DeepSeek][2026-07-21T20:00:15.273403+00:00] analyzer request started (attempt 1/3)
[DeepSeek][2026-07-21T20:00:15.274986+00:00] analyzer request started (attempt 1/3)
[DeepSeek][2026-07-21T20:00:40.553917+00:00] analyzer request succeeded (attempt 1, response_chars=2956)
[DeepSeek][2026-07-21T20:00:42.427245+00:00] analyzer request succeeded (attempt 1, response_chars=3498)
[DeepSeek][2026-07-21T20:00:43.216147+00:00] analyzer request succeeded (attempt 1, response_chars=3511)
[DeepSeek][2026-07-21T20:01:00.732000+00:00] analyzer request succeeded (attempt 1, response_chars=6030)
[DeepSeek][2026-07-21T20:01:06.160550+00:00] analyzer request succeeded (attempt 1, response_chars=6596)
[ColorPool] color=silver round=1 completed accepted={0: 0, 1: 0, 2: 2, 3: 0, 4: 0} missing_bins=[0, 1, 2, 3, 4] color_complete=False
[DeepSeek][2026-07-21T20:01:06.162202+00:00] generator request started (attempt 1/3)
[DeepSeek][2026-07-21T20:01:06.165467+00:00] generator request started (attempt 1/3)
[DeepSeek][2026-07-21T20:01:06.168729+00:00] generator request started (attempt 1/3)
[DeepSeek][2026-07-21T20:01:06.171732+00:00] generator request started (attempt 1/3)
[DeepSeek][2026-07-21T20:01:06.174615+00:00] generator request started (attempt 1/3)
[DeepSeek][2026-07-21T20:01:25.102145+00:00] generator request succeeded (attempt 1, response_chars=2388)
[DeepSeek][2026-07-21T20:01:39.973705+00:00] generator request succeeded (attempt 1, response_chars=4584)
[DeepSeek][2026-07-21T20:01:40.092817+00:00] generator request succeeded (attempt 1, response_chars=4642)
[DeepSeek][2026-07-21T20:01:52.070863+00:00] generator request succeeded (attempt 1, response_chars=6799)
[DeepSeek][2026-07-21T20:02:01.840442+00:00] generator request succeeded (attempt 1, response_chars=7937)
[DeepSeek][2026-07-21T20:02:13.297302+00:00] analyzer request started (attempt 1/3)
[DeepSeek][2026-07-21T20:02:13.303407+00:00] analyzer request started (attempt 1/3)
[DeepSeek][2026-07-21T20:02:13.310230+00:00] analyzer request started (attempt 1/3)
[DeepSeek][2026-07-21T20:02:13.315189+00:00] analyzer request started (attempt 1/3)
[DeepSeek][2026-07-21T20:02:13.320602+00:00] analyzer request started (attempt 1/3)
[DeepSeek][2026-07-21T20:02:41.553522+00:00] analyzer request succeeded (attempt 1, response_chars=3478)
[DeepSeek][2026-07-21T20:02:51.202540+00:00] analyzer request succeeded (attempt 1, response_chars=4696)
[DeepSeek][2026-07-21T20:02:59.387872+00:00] analyzer request succeeded (attempt 1, response_chars=6321)
[DeepSeek][2026-07-21T20:02:59.726222+00:00] analyzer request succeeded (attempt 1, response_chars=6120)
[DeepSeek][2026-07-21T20:03:06.260033+00:00] analyzer request succeeded (attempt 1, response_chars=7080)
[ColorPool] color=silver round=2 completed accepted={0: 0, 1: 0, 2: 3, 3: 0, 4: 0} missing_bins=[0, 1, 2, 3, 4] color_complete=False
[DeepSeek][2026-07-21T20:03:06.261637+00:00] generator request started (attempt 1/3)
[DeepSeek][2026-07-21T20:03:06.264930+00:00] generator request started (attempt 1/3)
[DeepSeek][2026-07-21T20:03:06.268010+00:00] generator request started (attempt 1/3)
[DeepSeek][2026-07-21T20:03:06.270900+00:00] generator request started (attempt 1/3)
[DeepSeek][2026-07-21T20:03:06.274023+00:00] generator request started (attempt 1/3)
[DeepSeek][2026-07-21T20:03:22.792955+00:00] generator request succeeded (attempt 1, response_chars=2249)
[DeepSeek][2026-07-21T20:03:37.138531+00:00] generator request succeeded (attempt 1, response_chars=4695)
[DeepSeek][2026-07-21T20:03:40.110956+00:00] generator request succeeded (attempt 1, response_chars=4673)
[DeepSeek][2026-07-21T20:03:52.775206+00:00] generator request succeeded (attempt 1, response_chars=7127)
[DeepSeek][2026-07-21T20:04:04.320153+00:00] generator request succeeded (attempt 1, response_chars=8611)
[DeepSeek][2026-07-21T20:04:15.776466+00:00] analyzer request started (attempt 1/3)
[DeepSeek][2026-07-21T20:04:15.783953+00:00] analyzer request started (attempt 1/3)
[DeepSeek][2026-07-21T20:04:15.792039+00:00] analyzer request started (attempt 1/3)
[DeepSeek][2026-07-21T20:04:15.797769+00:00] analyzer request started (attempt 1/3)
[DeepSeek][2026-07-21T20:04:15.804298+00:00] analyzer request started (attempt 1/3)
[DeepSeek][2026-07-21T20:04:46.476652+00:00] analyzer request succeeded (attempt 1, response_chars=4027)
[DeepSeek][2026-07-21T20:04:48.770781+00:00] analyzer request succeeded (attempt 1, response_chars=5038)
[DeepSeek][2026-07-21T20:04:53.248422+00:00] analyzer request succeeded (attempt 1, response_chars=5693)
[DeepSeek][2026-07-21T20:05:07.296051+00:00] analyzer request succeeded (attempt 1, response_chars=6748)
[DeepSeek][2026-07-21T20:05:11.638144+00:00] analyzer request succeeded (attempt 1, response_chars=8477)
[ColorPool] color=silver round=3 completed accepted={0: 0, 1: 0, 2: 4, 3: 0, 4: 0} missing_bins=[0, 1, 2, 3, 4] color_complete=False
[DeepSeek][2026-07-21T20:05:11.639794+00:00] generator request started (attempt 1/3)
[DeepSeek][2026-07-21T20:05:11.643238+00:00] generator request started (attempt 1/3)
[DeepSeek][2026-07-21T20:05:11.646567+00:00] generator request started (attempt 1/3)
[DeepSeek][2026-07-21T20:05:11.650760+00:00] generator request started (attempt 1/3)
[DeepSeek][2026-07-21T20:05:11.654390+00:00] generator request started (attempt 1/3)
[DeepSeek][2026-07-21T20:05:27.825859+00:00] generator request succeeded (attempt 1, response_chars=2020)
[DeepSeek][2026-07-21T20:05:43.852712+00:00] generator request succeeded (attempt 1, response_chars=4672)
[DeepSeek][2026-07-21T20:05:44.786456+00:00] generator request succeeded (attempt 1, response_chars=4692)
[DeepSeek][2026-07-21T20:06:00.162952+00:00] generator request succeeded (attempt 1, response_chars=7338)
[DeepSeek][2026-07-21T20:06:03.801739+00:00] generator request succeeded (attempt 1, response_chars=7630)
[DeepSeek][2026-07-21T20:06:13.951704+00:00] analyzer request started (attempt 1/3)
[DeepSeek][2026-07-21T20:06:13.956822+00:00] analyzer request started (attempt 1/3)
[DeepSeek][2026-07-21T20:06:13.959276+00:00] analyzer request started (attempt 1/3)
[DeepSeek][2026-07-21T20:06:13.961396+00:00] analyzer request started (attempt 1/3)
[DeepSeek][2026-07-21T20:06:13.966036+00:00] analyzer request started (attempt 1/3)
[DeepSeek][2026-07-21T20:06:50.197418+00:00] analyzer request succeeded (attempt 1, response_chars=4861)
[DeepSeek][2026-07-21T20:06:58.874271+00:00] analyzer request succeeded (attempt 1, response_chars=6897)
[DeepSeek][2026-07-21T20:07:01.514830+00:00] analyzer request succeeded (attempt 1, response_chars=6724)
[DeepSeek][2026-07-21T20:07:07.305255+00:00] analyzer request succeeded (attempt 1, response_chars=7477)
[DeepSeek][2026-07-21T20:08:14.129607+00:00] analyzer request failed (attempt 1): Request timed out.
[DeepSeek][2026-07-21T20:08:14.129721+00:00] analyzer request will retry
[DeepSeek][2026-07-21T20:08:15.129814+00:00] analyzer request started (attempt 2/3)
[DeepSeek][2026-07-21T20:09:08.274930+00:00] analyzer request succeeded (attempt 2, response_chars=8674)
[ColorPool] color=silver round=4 completed accepted={0: 0, 1: 0, 2: 4, 3: 0, 4: 0} missing_bins=[0, 1, 2, 3, 4] color_complete=False
[DeepSeek][2026-07-21T20:09:08.276483+00:00] generator request started (attempt 1/3)
[DeepSeek][2026-07-21T20:09:08.280024+00:00] generator request started (attempt 1/3)
[DeepSeek][2026-07-21T20:09:08.283128+00:00] generator request started (attempt 1/3)
[DeepSeek][2026-07-21T20:09:08.287957+00:00] generator request started (attempt 1/3)
[DeepSeek][2026-07-21T20:09:08.290851+00:00] generator request started (attempt 1/3)
[DeepSeek][2026-07-21T20:09:23.394367+00:00] generator request succeeded (attempt 1, response_chars=1996)
[DeepSeek][2026-07-21T20:09:37.419336+00:00] generator request succeeded (attempt 1, response_chars=4503)
[DeepSeek][2026-07-21T20:09:44.335769+00:00] generator request succeeded (attempt 1, response_chars=4981)
[DeepSeek][2026-07-21T20:09:54.736477+00:00] generator request succeeded (attempt 1, response_chars=7165)
[DeepSeek][2026-07-21T20:10:01.818656+00:00] generator request succeeded (attempt 1, response_chars=8034)
[DeepSeek][2026-07-21T20:10:11.562291+00:00] analyzer request started (attempt 1/3)
[DeepSeek][2026-07-21T20:10:11.567747+00:00] analyzer request started (attempt 1/3)
[DeepSeek][2026-07-21T20:10:11.576538+00:00] analyzer request started (attempt 1/3)
[DeepSeek][2026-07-21T20:10:11.582893+00:00] analyzer request started (attempt 1/3)
[DeepSeek][2026-07-21T20:10:11.590802+00:00] analyzer request started (attempt 1/3)
[DeepSeek][2026-07-21T20:10:51.064297+00:00] analyzer request succeeded (attempt 1, response_chars=5605)
[DeepSeek][2026-07-21T20:10:54.896966+00:00] analyzer request succeeded (attempt 1, response_chars=6727)
[DeepSeek][2026-07-21T20:10:58.571383+00:00] analyzer request succeeded (attempt 1, response_chars=7433)
[DeepSeek][2026-07-21T20:11:26.501581+00:00] analyzer request succeeded (attempt 1, response_chars=11044)
[DeepSeek][2026-07-21T20:12:11.740235+00:00] analyzer request failed (attempt 1): Request timed out.
[DeepSeek][2026-07-21T20:12:11.740346+00:00] analyzer request will retry
[DeepSeek][2026-07-21T20:12:12.740467+00:00] analyzer request started (attempt 2/3)
[DeepSeek][2026-07-21T20:13:28.171931+00:00] analyzer request succeeded (attempt 2, response_chars=9672)
[ColorPool] color=silver round=5 completed accepted={0: 0, 1: 0, 2: 4, 3: 1, 4: 0} missing_bins=[0, 1, 2, 3, 4] color_complete=False
[DeepSeek][2026-07-21T20:13:28.344830+00:00] generator request started (attempt 1/3)
[DeepSeek][2026-07-21T20:13:28.348043+00:00] generator request started (attempt 1/3)
[DeepSeek][2026-07-21T20:13:28.350932+00:00] generator request started (attempt 1/3)
[DeepSeek][2026-07-21T20:13:28.353909+00:00] generator request started (attempt 1/3)
[DeepSeek][2026-07-21T20:13:28.356727+00:00] generator request started (attempt 1/3)
[DeepSeek][2026-07-21T20:13:44.753382+00:00] generator request succeeded (attempt 1, response_chars=2216)
[DeepSeek][2026-07-21T20:13:57.023650+00:00] generator request succeeded (attempt 1, response_chars=4089)
[DeepSeek][2026-07-21T20:13:58.687123+00:00] generator request succeeded (attempt 1, response_chars=4189)
[DeepSeek][2026-07-21T20:14:14.640477+00:00] generator request succeeded (attempt 1, response_chars=6859)
[DeepSeek][2026-07-21T20:14:20.472446+00:00] generator request succeeded (attempt 1, response_chars=8092)
[DeepSeek][2026-07-21T20:14:32.182135+00:00] analyzer request started (attempt 1/3)
[DeepSeek][2026-07-21T20:14:32.187558+00:00] analyzer request started (attempt 1/3)
[DeepSeek][2026-07-21T20:14:32.191931+00:00] analyzer request started (attempt 1/3)
[DeepSeek][2026-07-21T20:14:32.196142+00:00] analyzer request started (attempt 1/3)
[DeepSeek][2026-07-21T20:14:32.200579+00:00] analyzer request started (attempt 1/3)
[DeepSeek][2026-07-21T20:14:54.832127+00:00] analyzer request succeeded (attempt 1, response_chars=2906)
[DeepSeek][2026-07-21T20:14:56.320772+00:00] analyzer request succeeded (attempt 1, response_chars=3047)
[DeepSeek][2026-07-21T20:15:04.806810+00:00] analyzer request succeeded (attempt 1, response_chars=4540)
[DeepSeek][2026-07-21T20:15:08.971101+00:00] analyzer request succeeded (attempt 1, response_chars=5109)
[DeepSeek][2026-07-21T20:15:29.627757+00:00] analyzer request succeeded (attempt 1, response_chars=9033)
[ColorPool] color=gold round=1 completed accepted={0: 0, 1: 0, 2: 1, 3: 0, 4: 0} missing_bins=[0, 1, 2, 3, 4] color_complete=False
[DeepSeek][2026-07-21T20:15:29.628960+00:00] generator request started (attempt 1/3)
[DeepSeek][2026-07-21T20:15:29.632212+00:00] generator request started (attempt 1/3)
[DeepSeek][2026-07-21T20:15:29.635216+00:00] generator request started (attempt 1/3)
[DeepSeek][2026-07-21T20:15:29.638290+00:00] generator request started (attempt 1/3)
[DeepSeek][2026-07-21T20:15:29.641036+00:00] generator request started (attempt 1/3)
[DeepSeek][2026-07-21T20:15:48.460259+00:00] generator request succeeded (attempt 1, response_chars=2519)
[DeepSeek][2026-07-21T20:15:58.963347+00:00] generator request succeeded (attempt 1, response_chars=4040)
[DeepSeek][2026-07-21T20:16:00.961855+00:00] generator request succeeded (attempt 1, response_chars=4559)
[DeepSeek][2026-07-21T20:16:18.107185+00:00] generator request succeeded (attempt 1, response_chars=7466)
[DeepSeek][2026-07-21T20:16:26.646593+00:00] generator request succeeded (attempt 1, response_chars=8358)
[DeepSeek][2026-07-21T20:16:37.879169+00:00] analyzer request started (attempt 1/3)
[DeepSeek][2026-07-21T20:16:37.883556+00:00] analyzer request started (attempt 1/3)
[DeepSeek][2026-07-21T20:16:37.888617+00:00] analyzer request started (attempt 1/3)
[DeepSeek][2026-07-21T20:16:37.893342+00:00] analyzer request started (attempt 1/3)
[DeepSeek][2026-07-21T20:16:37.898579+00:00] analyzer request started (attempt 1/3)
[DeepSeek][2026-07-21T20:17:00.523089+00:00] analyzer request succeeded (attempt 1, response_chars=3169)
[DeepSeek][2026-07-21T20:17:01.293159+00:00] analyzer request succeeded (attempt 1, response_chars=3416)
[DeepSeek][2026-07-21T20:17:06.056511+00:00] analyzer request succeeded (attempt 1, response_chars=4435)
[DeepSeek][2026-07-21T20:17:10.307843+00:00] analyzer request succeeded (attempt 1, response_chars=4731)
[DeepSeek][2026-07-21T20:17:38.410752+00:00] analyzer request succeeded (attempt 1, response_chars=9809)
[ColorPool] color=gold round=2 completed accepted={0: 0, 1: 0, 2: 1, 3: 0, 4: 0} missing_bins=[0, 1, 2, 3, 4] color_complete=False
[DeepSeek][2026-07-21T20:17:38.412389+00:00] generator request started (attempt 1/3)
[DeepSeek][2026-07-21T20:17:38.415756+00:00] generator request started (attempt 1/3)
[DeepSeek][2026-07-21T20:17:38.418834+00:00] generator request started (attempt 1/3)
[DeepSeek][2026-07-21T20:17:38.422034+00:00] generator request started (attempt 1/3)
[DeepSeek][2026-07-21T20:17:38.424997+00:00] generator request started (attempt 1/3)
[DeepSeek][2026-07-21T20:17:57.009162+00:00] generator request succeeded (attempt 1, response_chars=2410)
[DeepSeek][2026-07-21T20:18:11.315058+00:00] generator request succeeded (attempt 1, response_chars=4211)
[DeepSeek][2026-07-21T20:18:11.938651+00:00] generator request succeeded (attempt 1, response_chars=4748)
[DeepSeek][2026-07-21T20:18:32.868387+00:00] generator request succeeded (attempt 1, response_chars=8164)
[DeepSeek][2026-07-21T20:18:35.579936+00:00] generator request succeeded (attempt 1, response_chars=8620)
[DeepSeek][2026-07-21T20:18:47.315649+00:00] analyzer request started (attempt 1/3)
[DeepSeek][2026-07-21T20:18:47.319427+00:00] analyzer request started (attempt 1/3)
[DeepSeek][2026-07-21T20:18:47.324951+00:00] analyzer request started (attempt 1/3)
[DeepSeek][2026-07-21T20:18:47.330742+00:00] analyzer request started (attempt 1/3)
[DeepSeek][2026-07-21T20:18:47.337594+00:00] analyzer request started (attempt 1/3)
[DeepSeek][2026-07-21T20:19:14.193636+00:00] analyzer request succeeded (attempt 1, response_chars=3703)
[DeepSeek][2026-07-21T20:19:20.031927+00:00] analyzer request succeeded (attempt 1, response_chars=4457)
[DeepSeek][2026-07-21T20:19:28.975269+00:00] analyzer request succeeded (attempt 1, response_chars=5601)
[DeepSeek][2026-07-21T20:19:30.235189+00:00] analyzer request succeeded (attempt 1, response_chars=5552)
[DeepSeek][2026-07-21T20:20:47.491487+00:00] analyzer request failed (attempt 1): Request timed out.
[DeepSeek][2026-07-21T20:20:47.491597+00:00] analyzer request will retry
[DeepSeek][2026-07-21T20:20:48.491683+00:00] analyzer request started (attempt 2/3)
[DeepSeek][2026-07-21T20:22:48.655349+00:00] analyzer request failed (attempt 2): Request timed out.
[DeepSeek][2026-07-21T20:22:48.655491+00:00] analyzer request will retry
[DeepSeek][2026-07-21T20:22:50.655646+00:00] analyzer request started (attempt 3/3)
[DeepSeek][2026-07-21T20:23:53.274813+00:00] analyzer request succeeded (attempt 3, response_chars=10565)
[ColorPool] color=gold round=3 completed accepted={0: 0, 1: 0, 2: 1, 3: 2, 4: 0} missing_bins=[0, 1, 2, 3, 4] color_complete=False
[DeepSeek][2026-07-21T20:23:53.276337+00:00] generator request started (attempt 1/3)
[DeepSeek][2026-07-21T20:23:53.279716+00:00] generator request started (attempt 1/3)
[DeepSeek][2026-07-21T20:23:53.282670+00:00] generator request started (attempt 1/3)
[DeepSeek][2026-07-21T20:23:53.285585+00:00] generator request started (attempt 1/3)
[DeepSeek][2026-07-21T20:23:53.288612+00:00] generator request started (attempt 1/3)
[DeepSeek][2026-07-21T20:24:07.533637+00:00] generator request failed (attempt 1): Expecting value: line 1 column 1 (char 0)
[DeepSeek][2026-07-21T20:24:07.533762+00:00] generator request will retry
[DeepSeek][2026-07-21T20:24:08.533879+00:00] generator request started (attempt 2/3)
[DeepSeek][2026-07-21T20:24:13.671509+00:00] generator request succeeded (attempt 1, response_chars=2395)
[DeepSeek][2026-07-21T20:24:20.841107+00:00] generator request failed (attempt 2): Expecting value: line 1 column 1 (char 0)
[DeepSeek][2026-07-21T20:24:20.841211+00:00] generator request will retry
[DeepSeek][2026-07-21T20:24:22.841351+00:00] generator request started (attempt 3/3)
[DeepSeek][2026-07-21T20:24:28.191110+00:00] generator request succeeded (attempt 1, response_chars=4444)
[DeepSeek][2026-07-21T20:24:34.050655+00:00] generator request failed (attempt 3): Expecting value: line 1 column 1 (char 0)
[DeepSeek][2026-07-21T20:24:47.427789+00:00] generator request succeeded (attempt 1, response_chars=7768)
[DeepSeek][2026-07-21T20:24:49.131597+00:00] generator request succeeded (attempt 1, response_chars=8265)
[DeepSeek][2026-07-21T20:24:59.482734+00:00] analyzer request started (attempt 1/3)
[DeepSeek][2026-07-21T20:24:59.488343+00:00] analyzer request started (attempt 1/3)
[DeepSeek][2026-07-21T20:24:59.494410+00:00] analyzer request started (attempt 1/3)
[DeepSeek][2026-07-21T20:24:59.502954+00:00] analyzer request started (attempt 1/3)
[DeepSeek][2026-07-21T20:25:27.810717+00:00] analyzer request succeeded (attempt 1, response_chars=4047)
[DeepSeek][2026-07-21T20:25:40.427511+00:00] analyzer request succeeded (attempt 1, response_chars=5845)
[DeepSeek][2026-07-21T20:26:06.232872+00:00] analyzer request succeeded (attempt 1, response_chars=11700)
[DeepSeek][2026-07-21T20:26:21.607076+00:00] analyzer request succeeded (attempt 1, response_chars=12288)
[ColorPool] color=gold round=4 completed accepted={0: 0, 1: 0, 2: 1, 3: 5, 4: 0} missing_bins=[0, 1, 2, 4] color_complete=False
[DeepSeek][2026-07-21T20:26:21.608620+00:00] generator request started (attempt 1/3)
[DeepSeek][2026-07-21T20:26:21.612434+00:00] generator request started (attempt 1/3)
[DeepSeek][2026-07-21T20:26:21.616284+00:00] generator request started (attempt 1/3)
[DeepSeek][2026-07-21T20:26:21.619908+00:00] generator request started (attempt 1/3)
[DeepSeek][2026-07-21T20:26:34.278930+00:00] generator request failed (attempt 1): Extra data: line 1 column 2 (char 1)
[DeepSeek][2026-07-21T20:26:34.279026+00:00] generator request will retry
[DeepSeek][2026-07-21T20:26:35.279140+00:00] generator request started (attempt 2/3)
[DeepSeek][2026-07-21T20:26:49.322864+00:00] generator request failed (attempt 2): Extra data: line 1 column 2 (char 1)
[DeepSeek][2026-07-21T20:26:49.322966+00:00] generator request will retry
[DeepSeek][2026-07-21T20:26:51.323082+00:00] generator request started (attempt 3/3)
[DeepSeek][2026-07-21T20:26:56.885947+00:00] generator request succeeded (attempt 1, response_chars=4993)
[DeepSeek][2026-07-21T20:27:03.313682+00:00] generator request failed (attempt 3): Extra data: line 1 column 2 (char 1)
[DeepSeek][2026-07-21T20:27:12.383783+00:00] generator request succeeded (attempt 1, response_chars=8059)
[DeepSeek][2026-07-21T20:27:21.248626+00:00] generator request succeeded (attempt 1, response_chars=8661)
[DeepSeek][2026-07-21T20:27:28.560099+00:00] analyzer request started (attempt 1/3)
[DeepSeek][2026-07-21T20:27:28.562414+00:00] analyzer request started (attempt 1/3)
[DeepSeek][2026-07-21T20:27:28.568263+00:00] analyzer request started (attempt 1/3)
[DeepSeek][2026-07-21T20:27:28.579409+00:00] analyzer request started (attempt 1/3)
[DeepSeek][2026-07-21T20:28:01.146439+00:00] analyzer request succeeded (attempt 1, response_chars=4986)
[DeepSeek][2026-07-21T20:28:01.962195+00:00] analyzer request succeeded (attempt 1, response_chars=4836)
[DeepSeek][2026-07-21T20:28:26.240481+00:00] analyzer request succeeded (attempt 1, response_chars=8991)
[DeepSeek][2026-07-21T20:28:32.202188+00:00] analyzer request succeeded (attempt 1, response_chars=11494)
[ColorPool] color=gold round=5 completed accepted={0: 0, 1: 0, 2: 1, 3: 5, 4: 0} missing_bins=[0, 1, 2, 4] color_complete=False
[DeepSeek][2026-07-21T20:28:32.368568+00:00] generator request started (attempt 1/3)
[DeepSeek][2026-07-21T20:28:32.372294+00:00] generator request started (attempt 1/3)
[DeepSeek][2026-07-21T20:28:32.375263+00:00] generator request started (attempt 1/3)
[DeepSeek][2026-07-21T20:28:32.378179+00:00] generator request started (attempt 1/3)
[DeepSeek][2026-07-21T20:28:32.380967+00:00] generator request started (attempt 1/3)
[DeepSeek][2026-07-21T20:28:47.640665+00:00] generator request succeeded (attempt 1, response_chars=2173)
[DeepSeek][2026-07-21T20:28:59.402637+00:00] generator request succeeded (attempt 1, response_chars=3957)
[DeepSeek][2026-07-21T20:28:59.752544+00:00] generator request succeeded (attempt 1, response_chars=3931)
[DeepSeek][2026-07-21T20:29:18.568294+00:00] generator request succeeded (attempt 1, response_chars=7007)
[DeepSeek][2026-07-21T20:29:18.938578+00:00] generator request succeeded (attempt 1, response_chars=7024)
[DeepSeek][2026-07-21T20:29:29.363632+00:00] analyzer request started (attempt 1/3)
[DeepSeek][2026-07-21T20:29:29.368426+00:00] analyzer request started (attempt 1/3)
[DeepSeek][2026-07-21T20:29:29.372972+00:00] analyzer request started (attempt 1/3)
[DeepSeek][2026-07-21T20:29:29.376947+00:00] analyzer request started (attempt 1/3)
[DeepSeek][2026-07-21T20:29:29.381106+00:00] analyzer request started (attempt 1/3)
[DeepSeek][2026-07-21T20:29:51.494687+00:00] analyzer request succeeded (attempt 1, response_chars=2914)
[DeepSeek][2026-07-21T20:29:52.365376+00:00] analyzer request succeeded (attempt 1, response_chars=2980)
[DeepSeek][2026-07-21T20:29:53.044825+00:00] analyzer request succeeded (attempt 1, response_chars=3244)
[DeepSeek][2026-07-21T20:30:03.819410+00:00] analyzer request succeeded (attempt 1, response_chars=4946)
[DeepSeek][2026-07-21T20:30:09.682343+00:00] analyzer request succeeded (attempt 1, response_chars=5559)
[ColorPool] color=beige round=1 completed accepted={0: 0, 1: 0, 2: 0, 3: 1, 4: 0} missing_bins=[0, 1, 2, 3, 4] color_complete=False
[DeepSeek][2026-07-21T20:30:09.683852+00:00] generator request started (attempt 1/3)
[DeepSeek][2026-07-21T20:30:09.687085+00:00] generator request started (attempt 1/3)
[DeepSeek][2026-07-21T20:30:09.690227+00:00] generator request started (attempt 1/3)
[DeepSeek][2026-07-21T20:30:09.693142+00:00] generator request started (attempt 1/3)
[DeepSeek][2026-07-21T20:30:09.696247+00:00] generator request started (attempt 1/3)
[DeepSeek][2026-07-21T20:30:27.804130+00:00] generator request succeeded (attempt 1, response_chars=2378)
[DeepSeek][2026-07-21T20:30:39.691436+00:00] generator request succeeded (attempt 1, response_chars=4218)
[DeepSeek][2026-07-21T20:30:48.810715+00:00] generator request succeeded (attempt 1, response_chars=5282)
[DeepSeek][2026-07-21T20:30:58.749572+00:00] generator request succeeded (attempt 1, response_chars=6910)
[DeepSeek][2026-07-21T20:31:08.038534+00:00] generator request succeeded (attempt 1, response_chars=8673)
[DeepSeek][2026-07-21T20:31:16.070714+00:00] analyzer request started (attempt 1/3)
[DeepSeek][2026-07-21T20:31:16.073923+00:00] analyzer request started (attempt 1/3)
[DeepSeek][2026-07-21T20:31:16.076887+00:00] analyzer request started (attempt 1/3)
[DeepSeek][2026-07-21T20:31:16.078994+00:00] analyzer request started (attempt 1/3)
[DeepSeek][2026-07-21T20:31:16.079824+00:00] analyzer request started (attempt 1/3)
[DeepSeek][2026-07-21T20:31:40.275674+00:00] analyzer request succeeded (attempt 1, response_chars=3331)
[DeepSeek][2026-07-21T20:31:47.129327+00:00] analyzer request succeeded (attempt 1, response_chars=4481)
[DeepSeek][2026-07-21T20:31:58.769351+00:00] analyzer request succeeded (attempt 1, response_chars=5621)
[DeepSeek][2026-07-21T20:32:22.601224+00:00] analyzer request succeeded (attempt 1, response_chars=9628)
[DeepSeek][2026-07-21T20:32:33.585198+00:00] analyzer request succeeded (attempt 1, response_chars=11203)
[ColorPool] color=beige round=2 completed accepted={0: 0, 1: 0, 2: 1, 3: 1, 4: 0} missing_bins=[0, 1, 2, 3, 4] color_complete=False
[DeepSeek][2026-07-21T20:32:33.586780+00:00] generator request started (attempt 1/3)
[DeepSeek][2026-07-21T20:32:33.590204+00:00] generator request started (attempt 1/3)
[DeepSeek][2026-07-21T20:32:33.593312+00:00] generator request started (attempt 1/3)
[DeepSeek][2026-07-21T20:32:33.596237+00:00] generator request started (attempt 1/3)
[DeepSeek][2026-07-21T20:32:33.599364+00:00] generator request started (attempt 1/3)
[DeepSeek][2026-07-21T20:32:49.946065+00:00] generator request succeeded (attempt 1, response_chars=2090)
[DeepSeek][2026-07-21T20:33:08.280479+00:00] generator request succeeded (attempt 1, response_chars=4855)
[DeepSeek][2026-07-21T20:33:09.555064+00:00] generator request succeeded (attempt 1, response_chars=5092)
[DeepSeek][2026-07-21T20:33:22.668136+00:00] generator request succeeded (attempt 1, response_chars=7426)
[DeepSeek][2026-07-21T20:33:26.038298+00:00] generator request succeeded (attempt 1, response_chars=7782)
[DeepSeek][2026-07-21T20:33:35.015298+00:00] analyzer request started (attempt 1/3)
[DeepSeek][2026-07-21T20:33:35.021629+00:00] analyzer request started (attempt 1/3)
[DeepSeek][2026-07-21T20:33:35.028095+00:00] analyzer request started (attempt 1/3)
[DeepSeek][2026-07-21T20:33:35.033620+00:00] analyzer request started (attempt 1/3)
[DeepSeek][2026-07-21T20:33:35.041236+00:00] analyzer request started (attempt 1/3)
[DeepSeek][2026-07-21T20:34:01.526222+00:00] analyzer request succeeded (attempt 1, response_chars=3740)
[DeepSeek][2026-07-21T20:34:07.267159+00:00] analyzer request succeeded (attempt 1, response_chars=4279)
[DeepSeek][2026-07-21T20:34:12.874927+00:00] analyzer request succeeded (attempt 1, response_chars=5433)
[DeepSeek][2026-07-21T20:34:14.775482+00:00] analyzer request succeeded (attempt 1, response_chars=5411)
[DeepSeek][2026-07-21T20:34:18.036867+00:00] analyzer request succeeded (attempt 1, response_chars=7026)
[ColorPool] color=beige round=3 completed accepted={0: 0, 1: 0, 2: 1, 3: 4, 4: 0} missing_bins=[0, 1, 2, 3, 4] color_complete=False
[DeepSeek][2026-07-21T20:34:18.038452+00:00] generator request started (attempt 1/3)
[DeepSeek][2026-07-21T20:34:18.041815+00:00] generator request started (attempt 1/3)
[DeepSeek][2026-07-21T20:34:18.045569+00:00] generator request started (attempt 1/3)
[DeepSeek][2026-07-21T20:34:18.048646+00:00] generator request started (attempt 1/3)
[DeepSeek][2026-07-21T20:34:18.051569+00:00] generator request started (attempt 1/3)
[DeepSeek][2026-07-21T20:34:34.122062+00:00] generator request succeeded (attempt 1, response_chars=2173)
[DeepSeek][2026-07-21T20:34:48.429089+00:00] generator request succeeded (attempt 1, response_chars=4407)
[DeepSeek][2026-07-21T20:34:57.543089+00:00] generator request succeeded (attempt 1, response_chars=6040)
[DeepSeek][2026-07-21T20:35:06.991637+00:00] generator request succeeded (attempt 1, response_chars=7185)
[DeepSeek][2026-07-21T20:35:12.965212+00:00] generator request succeeded (attempt 1, response_chars=8012)
[DeepSeek][2026-07-21T20:35:25.611126+00:00] analyzer request started (attempt 1/3)
[DeepSeek][2026-07-21T20:35:25.620861+00:00] analyzer request started (attempt 1/3)
[DeepSeek][2026-07-21T20:35:25.631584+00:00] analyzer request started (attempt 1/3)
[DeepSeek][2026-07-21T20:35:25.634859+00:00] analyzer request started (attempt 1/3)
[DeepSeek][2026-07-21T20:36:04.351270+00:00] analyzer request succeeded (attempt 1, response_chars=5482)
[DeepSeek][2026-07-21T20:36:06.883934+00:00] analyzer request succeeded (attempt 1, response_chars=6151)
[DeepSeek][2026-07-21T20:36:08.054619+00:00] analyzer request succeeded (attempt 1, response_chars=6357)
[DeepSeek][2026-07-21T20:36:14.127129+00:00] analyzer request succeeded (attempt 1, response_chars=6738)
[ColorPool] color=beige round=4 completed accepted={0: 0, 1: 0, 2: 2, 3: 5, 4: 0} missing_bins=[0, 1, 2, 4] color_complete=False
[DeepSeek][2026-07-21T20:36:14.128302+00:00] generator request started (attempt 1/3)
[DeepSeek][2026-07-21T20:36:14.131575+00:00] generator request started (attempt 1/3)
[DeepSeek][2026-07-21T20:36:14.134654+00:00] generator request started (attempt 1/3)
[DeepSeek][2026-07-21T20:36:14.137648+00:00] generator request started (attempt 1/3)
[DeepSeek][2026-07-21T20:36:44.634765+00:00] generator request failed (attempt 1): DeepSeek response JSON must be an object
[DeepSeek][2026-07-21T20:36:44.634878+00:00] generator request will retry
[DeepSeek][2026-07-21T20:36:45.070548+00:00] generator request succeeded (attempt 1, response_chars=4610)
[DeepSeek][2026-07-21T20:36:45.300659+00:00] generator request succeeded (attempt 1, response_chars=4189)
[DeepSeek][2026-07-21T20:36:45.634999+00:00] generator request started (attempt 2/3)
[DeepSeek][2026-07-21T20:37:14.299784+00:00] generator request succeeded (attempt 1, response_chars=9333)
[DeepSeek][2026-07-21T20:37:25.341923+00:00] generator request succeeded (attempt 2, response_chars=6024)
[DeepSeek][2026-07-21T20:37:36.560581+00:00] analyzer request started (attempt 1/3)
[DeepSeek][2026-07-21T20:37:36.567315+00:00] analyzer request started (attempt 1/3)
[DeepSeek][2026-07-21T20:37:36.576468+00:00] analyzer request started (attempt 1/3)
[DeepSeek][2026-07-21T20:37:36.584686+00:00] analyzer request started (attempt 1/3)
[DeepSeek][2026-07-21T20:38:08.675409+00:00] analyzer request succeeded (attempt 1, response_chars=4869)
[DeepSeek][2026-07-21T20:38:19.822813+00:00] analyzer request succeeded (attempt 1, response_chars=5420)
[DeepSeek][2026-07-21T20:38:21.223212+00:00] analyzer request succeeded (attempt 1, response_chars=6393)
[DeepSeek][2026-07-21T20:38:37.526062+00:00] analyzer request succeeded (attempt 1, response_chars=9235)
[ColorPool] color=beige round=5 completed accepted={0: 0, 1: 0, 2: 4, 3: 5, 4: 0} missing_bins=[0, 1, 2, 4] color_complete=False
[DeepSeek][2026-07-21T20:38:37.693119+00:00] generator request started (attempt 1/3)
[DeepSeek][2026-07-21T20:38:37.696317+00:00] generator request started (attempt 1/3)
[DeepSeek][2026-07-21T20:38:37.698757+00:00] generator request started (attempt 1/3)
[DeepSeek][2026-07-21T20:38:37.701362+00:00] generator request started (attempt 1/3)
[DeepSeek][2026-07-21T20:38:37.704151+00:00] generator request started (attempt 1/3)
[DeepSeek][2026-07-21T20:38:56.576395+00:00] generator request succeeded (attempt 1, response_chars=2440)
[DeepSeek][2026-07-21T20:39:08.823218+00:00] generator request succeeded (attempt 1, response_chars=4465)
[DeepSeek][2026-07-21T20:39:09.445716+00:00] generator request succeeded (attempt 1, response_chars=4497)
[DeepSeek][2026-07-21T20:39:30.279625+00:00] generator request succeeded (attempt 1, response_chars=7616)
[DeepSeek][2026-07-21T20:39:39.797216+00:00] generator request succeeded (attempt 1, response_chars=9250)
[DeepSeek][2026-07-21T20:39:50.144170+00:00] analyzer request started (attempt 1/3)
[DeepSeek][2026-07-21T20:39:50.149111+00:00] analyzer request started (attempt 1/3)
[DeepSeek][2026-07-21T20:39:50.153449+00:00] analyzer request started (attempt 1/3)
[DeepSeek][2026-07-21T20:39:50.156612+00:00] analyzer request started (attempt 1/3)
[DeepSeek][2026-07-21T20:39:50.158771+00:00] analyzer request started (attempt 1/3)
[DeepSeek][2026-07-21T20:40:13.506009+00:00] analyzer request succeeded (attempt 1, response_chars=3044)
[DeepSeek][2026-07-21T20:40:15.631273+00:00] analyzer request succeeded (attempt 1, response_chars=3461)
[DeepSeek][2026-07-21T20:40:16.295227+00:00] analyzer request succeeded (attempt 1, response_chars=3496)
[DeepSeek][2026-07-21T20:40:17.695505+00:00] analyzer request succeeded (attempt 1, response_chars=3647)
[DeepSeek][2026-07-21T20:40:22.908316+00:00] analyzer request succeeded (attempt 1, response_chars=4508)
[ColorPool] color=coral round=1 completed accepted={0: 0, 1: 0, 2: 0, 3: 0, 4: 0} missing_bins=[0, 1, 2, 3, 4] color_complete=False
[DeepSeek][2026-07-21T20:40:22.909921+00:00] generator request started (attempt 1/3)
[DeepSeek][2026-07-21T20:40:22.913246+00:00] generator request started (attempt 1/3)
[DeepSeek][2026-07-21T20:40:22.916390+00:00] generator request started (attempt 1/3)
[DeepSeek][2026-07-21T20:40:22.919328+00:00] generator request started (attempt 1/3)
[DeepSeek][2026-07-21T20:40:22.922276+00:00] generator request started (attempt 1/3)
[DeepSeek][2026-07-21T20:40:39.590720+00:00] generator request succeeded (attempt 1, response_chars=2669)
[DeepSeek][2026-07-21T20:40:49.843974+00:00] generator request succeeded (attempt 1, response_chars=4767)
[DeepSeek][2026-07-21T20:40:53.798338+00:00] generator request succeeded (attempt 1, response_chars=5911)
[DeepSeek][2026-07-21T20:41:08.424876+00:00] generator request succeeded (attempt 1, response_chars=8949)
[DeepSeek][2026-07-21T20:41:14.568775+00:00] generator request succeeded (attempt 1, response_chars=11038)
[DeepSeek][2026-07-21T20:41:26.047548+00:00] analyzer request started (attempt 1/3)
[DeepSeek][2026-07-21T20:41:26.053302+00:00] analyzer request started (attempt 1/3)
[DeepSeek][2026-07-21T20:41:26.058349+00:00] analyzer request started (attempt 1/3)
[DeepSeek][2026-07-21T20:41:26.062754+00:00] analyzer request started (attempt 1/3)
[DeepSeek][2026-07-21T20:41:26.067820+00:00] analyzer request started (attempt 1/3)
[DeepSeek][2026-07-21T20:41:40.413130+00:00] analyzer request succeeded (attempt 1, response_chars=2429)
[DeepSeek][2026-07-21T20:41:45.006791+00:00] analyzer request succeeded (attempt 1, response_chars=4057)
[DeepSeek][2026-07-21T20:41:49.369584+00:00] analyzer request succeeded (attempt 1, response_chars=4587)
[DeepSeek][2026-07-21T20:41:50.723743+00:00] analyzer request succeeded (attempt 1, response_chars=4725)
[DeepSeek][2026-07-21T20:41:56.543994+00:00] analyzer request succeeded (attempt 1, response_chars=5881)
[ColorPool] color=coral round=2 completed accepted={0: 0, 1: 0, 2: 0, 3: 1, 4: 0} missing_bins=[0, 1, 2, 3, 4] color_complete=False
[DeepSeek][2026-07-21T20:41:56.545624+00:00] generator request started (attempt 1/3)
[DeepSeek][2026-07-21T20:41:56.548997+00:00] generator request started (attempt 1/3)
[DeepSeek][2026-07-21T20:41:56.552049+00:00] generator request started (attempt 1/3)
[DeepSeek][2026-07-21T20:41:56.554919+00:00] generator request started (attempt 1/3)
[DeepSeek][2026-07-21T20:41:56.557968+00:00] generator request started (attempt 1/3)
[DeepSeek][2026-07-21T20:42:12.333845+00:00] generator request succeeded (attempt 1, response_chars=2975)
[DeepSeek][2026-07-21T20:42:22.571226+00:00] generator request succeeded (attempt 1, response_chars=5159)
[DeepSeek][2026-07-21T20:42:23.425644+00:00] generator request failed (attempt 1): DeepSeek response JSON must be an object
[DeepSeek][2026-07-21T20:42:23.425753+00:00] generator request will retry
[DeepSeek][2026-07-21T20:42:24.425866+00:00] generator request started (attempt 2/3)
[DeepSeek][2026-07-21T20:42:25.259562+00:00] generator request succeeded (attempt 1, response_chars=5578)
[DeepSeek][2026-07-21T20:42:46.502832+00:00] generator request succeeded (attempt 2, response_chars=4978)
[DeepSeek][2026-07-21T20:42:52.539860+00:00] generator request succeeded (attempt 1, response_chars=13336)
[DeepSeek][2026-07-21T20:43:04.741830+00:00] analyzer request started (attempt 1/3)
[DeepSeek][2026-07-21T20:43:04.750520+00:00] analyzer request started (attempt 1/3)
[DeepSeek][2026-07-21T20:43:04.757436+00:00] analyzer request started (attempt 1/3)
[DeepSeek][2026-07-21T20:43:04.763008+00:00] analyzer request started (attempt 1/3)
[DeepSeek][2026-07-21T20:43:04.769304+00:00] analyzer request started (attempt 1/3)
[DeepSeek][2026-07-21T20:43:27.427700+00:00] analyzer request succeeded (attempt 1, response_chars=4292)
[DeepSeek][2026-07-21T20:43:28.908840+00:00] analyzer request succeeded (attempt 1, response_chars=4986)
[DeepSeek][2026-07-21T20:43:30.279592+00:00] analyzer request succeeded (attempt 1, response_chars=4830)
[DeepSeek][2026-07-21T20:43:31.915735+00:00] analyzer request succeeded (attempt 1, response_chars=5380)
[DeepSeek][2026-07-21T20:43:36.103176+00:00] analyzer request succeeded (attempt 1, response_chars=6295)
[ColorPool] color=coral round=3 completed accepted={0: 0, 1: 0, 2: 0, 3: 3, 4: 0} missing_bins=[0, 1, 2, 3, 4] color_complete=False
[DeepSeek][2026-07-21T20:43:36.104748+00:00] generator request started (attempt 1/3)
[DeepSeek][2026-07-21T20:43:36.108109+00:00] generator request started (attempt 1/3)
[DeepSeek][2026-07-21T20:43:36.111484+00:00] generator request started (attempt 1/3)
[DeepSeek][2026-07-21T20:43:36.114771+00:00] generator request started (attempt 1/3)
[DeepSeek][2026-07-21T20:43:36.117740+00:00] generator request started (attempt 1/3)
[DeepSeek][2026-07-21T20:43:52.897243+00:00] generator request succeeded (attempt 1, response_chars=3340)
[DeepSeek][2026-07-21T20:43:53.976856+00:00] generator request succeeded (attempt 1, response_chars=3387)
[DeepSeek][2026-07-21T20:44:00.507420+00:00] generator request succeeded (attempt 1, response_chars=4957)
[DeepSeek][2026-07-21T20:44:01.324781+00:00] generator request succeeded (attempt 1, response_chars=5099)
[DeepSeek][2026-07-21T20:44:25.211612+00:00] generator request succeeded (attempt 1, response_chars=12101)
[DeepSeek][2026-07-21T20:44:37.059270+00:00] analyzer request started (attempt 1/3)
[DeepSeek][2026-07-21T20:44:37.064166+00:00] analyzer request started (attempt 1/3)
[DeepSeek][2026-07-21T20:44:37.067630+00:00] analyzer request started (attempt 1/3)
[DeepSeek][2026-07-21T20:44:37.068946+00:00] analyzer request started (attempt 1/3)
[DeepSeek][2026-07-21T20:44:56.015842+00:00] analyzer request failed (attempt 1): Expecting ',' delimiter: line 26 column 1955 (char 3895)
[DeepSeek][2026-07-21T20:44:56.015937+00:00] analyzer request will retry
[DeepSeek][2026-07-21T20:44:57.016055+00:00] analyzer request started (attempt 2/3)
[DeepSeek][2026-07-21T20:45:02.454141+00:00] analyzer request succeeded (attempt 1, response_chars=5857)
[DeepSeek][2026-07-21T20:45:11.125502+00:00] analyzer request succeeded (attempt 2, response_chars=3258)
[DeepSeek][2026-07-21T20:45:11.910346+00:00] analyzer request succeeded (attempt 1, response_chars=7544)
[DeepSeek][2026-07-21T20:45:13.096884+00:00] analyzer request succeeded (attempt 1, response_chars=7842)
[ColorPool] color=coral round=4 completed accepted={0: 0, 1: 0, 2: 0, 3: 5, 4: 0} missing_bins=[0, 1, 2, 4] color_complete=False
[DeepSeek][2026-07-21T20:45:13.098237+00:00] generator request started (attempt 1/3)
[DeepSeek][2026-07-21T20:45:13.101662+00:00] generator request started (attempt 1/3)
[DeepSeek][2026-07-21T20:45:13.104950+00:00] generator request started (attempt 1/3)
[DeepSeek][2026-07-21T20:45:13.108401+00:00] generator request started (attempt 1/3)
[DeepSeek][2026-07-21T20:45:33.126777+00:00] generator request failed (attempt 1): Expecting value: line 1 column 1 (char 0)
[DeepSeek][2026-07-21T20:45:33.126829+00:00] generator request will retry
[DeepSeek][2026-07-21T20:45:34.126946+00:00] generator request started (attempt 2/3)
[DeepSeek][2026-07-21T20:45:36.322676+00:00] generator request succeeded (attempt 1, response_chars=5231)
[DeepSeek][2026-07-21T20:45:45.235554+00:00] generator request succeeded (attempt 1, response_chars=5631)
[DeepSeek][2026-07-21T20:45:52.368350+00:00] generator request failed (attempt 2): Expecting value: line 1 column 1 (char 0)
[DeepSeek][2026-07-21T20:45:52.368440+00:00] generator request will retry
[DeepSeek][2026-07-21T20:45:54.368571+00:00] generator request started (attempt 3/3)
[DeepSeek][2026-07-21T20:46:04.721314+00:00] generator request succeeded (attempt 1, response_chars=11957)
[DeepSeek][2026-07-21T20:46:05.826197+00:00] generator request failed (attempt 3): Expecting value: line 1 column 1 (char 0)
[DeepSeek][2026-07-21T20:46:15.380193+00:00] analyzer request started (attempt 1/3)
[DeepSeek][2026-07-21T20:46:15.386999+00:00] analyzer request started (attempt 1/3)
[DeepSeek][2026-07-21T20:46:15.395650+00:00] analyzer request started (attempt 1/3)
[DeepSeek][2026-07-21T20:46:15.402677+00:00] analyzer request started (attempt 1/3)
[DeepSeek][2026-07-21T20:46:37.264104+00:00] analyzer request succeeded (attempt 1, response_chars=4492)
[DeepSeek][2026-07-21T20:46:40.923435+00:00] analyzer request succeeded (attempt 1, response_chars=5151)
[DeepSeek][2026-07-21T20:46:42.018175+00:00] analyzer request succeeded (attempt 1, response_chars=6031)
[DeepSeek][2026-07-21T20:46:55.646637+00:00] analyzer request succeeded (attempt 1, response_chars=8464)
[ColorPool] color=coral round=5 completed accepted={0: 0, 1: 0, 2: 0, 3: 5, 4: 0} missing_bins=[0, 1, 2, 4] color_complete=False
[DeepSeek][2026-07-21T20:46:55.819517+00:00] generator request started (attempt 1/3)
[DeepSeek][2026-07-21T20:46:55.822690+00:00] generator request started (attempt 1/3)
[DeepSeek][2026-07-21T20:46:55.825624+00:00] generator request started (attempt 1/3)
[DeepSeek][2026-07-21T20:46:55.828668+00:00] generator request started (attempt 1/3)
[DeepSeek][2026-07-21T20:46:55.830295+00:00] generator request started (attempt 1/3)
[DeepSeek][2026-07-21T20:47:07.861356+00:00] generator request succeeded (attempt 1, response_chars=2264)
[DeepSeek][2026-07-21T20:47:16.725087+00:00] generator request succeeded (attempt 1, response_chars=4350)
[DeepSeek][2026-07-21T20:47:17.349728+00:00] generator request succeeded (attempt 1, response_chars=4250)
[DeepSeek][2026-07-21T20:47:29.799588+00:00] generator request succeeded (attempt 1, response_chars=7473)
[DeepSeek][2026-07-21T20:47:30.107300+00:00] generator request succeeded (attempt 1, response_chars=7537)
[DeepSeek][2026-07-21T20:47:37.685301+00:00] analyzer request started (attempt 1/3)
[DeepSeek][2026-07-21T20:47:37.689074+00:00] analyzer request started (attempt 1/3)
[DeepSeek][2026-07-21T20:47:37.693406+00:00] analyzer request started (attempt 1/3)
[DeepSeek][2026-07-21T20:47:37.697598+00:00] analyzer request started (attempt 1/3)
[DeepSeek][2026-07-21T20:47:37.701905+00:00] analyzer request started (attempt 1/3)
[DeepSeek][2026-07-21T20:47:50.541760+00:00] analyzer request succeeded (attempt 1, response_chars=2353)
[DeepSeek][2026-07-21T20:47:54.208851+00:00] analyzer request succeeded (attempt 1, response_chars=3059)
[DeepSeek][2026-07-21T20:47:54.550453+00:00] analyzer request succeeded (attempt 1, response_chars=3367)
[DeepSeek][2026-07-21T20:48:04.394775+00:00] analyzer request succeeded (attempt 1, response_chars=5637)
[DeepSeek][2026-07-21T20:48:54.056892+00:00] analyzer request succeeded (attempt 1, response_chars=17751)
[ColorPool] color=violet round=1 completed accepted={0: 0, 1: 0, 2: 0, 3: 2, 4: 0} missing_bins=[0, 1, 2, 3, 4] color_complete=False
[DeepSeek][2026-07-21T20:48:54.058177+00:00] generator request started (attempt 1/3)
[DeepSeek][2026-07-21T20:48:54.061378+00:00] generator request started (attempt 1/3)
[DeepSeek][2026-07-21T20:48:54.064578+00:00] generator request started (attempt 1/3)
[DeepSeek][2026-07-21T20:48:54.067672+00:00] generator request started (attempt 1/3)
[DeepSeek][2026-07-21T20:48:54.070449+00:00] generator request started (attempt 1/3)
[DeepSeek][2026-07-21T20:49:05.987096+00:00] generator request succeeded (attempt 1, response_chars=2283)
[DeepSeek][2026-07-21T20:49:15.530683+00:00] generator request succeeded (attempt 1, response_chars=4509)
[DeepSeek][2026-07-21T20:49:18.921840+00:00] generator request succeeded (attempt 1, response_chars=5283)
[DeepSeek][2026-07-21T20:49:27.020422+00:00] generator request succeeded (attempt 1, response_chars=7633)
[DeepSeek][2026-07-21T20:49:38.054326+00:00] generator request succeeded (attempt 1, response_chars=9896)
[DeepSeek][2026-07-21T20:49:56.191321+00:00] analyzer request started (attempt 1/3)
[DeepSeek][2026-07-21T20:49:56.196131+00:00] analyzer request started (attempt 1/3)
[DeepSeek][2026-07-21T20:49:56.201182+00:00] analyzer request started (attempt 1/3)
[DeepSeek][2026-07-21T20:49:56.206425+00:00] analyzer request started (attempt 1/3)
[DeepSeek][2026-07-21T20:50:15.437725+00:00] analyzer request succeeded (attempt 1, response_chars=3711)
[DeepSeek][2026-07-21T20:50:15.967661+00:00] analyzer request succeeded (attempt 1, response_chars=3942)
[DeepSeek][2026-07-21T20:50:28.484059+00:00] analyzer request succeeded (attempt 1, response_chars=6700)
[DeepSeek][2026-07-21T20:50:32.512574+00:00] analyzer request succeeded (attempt 1, response_chars=7137)
[ColorPool] color=violet round=2 completed accepted={0: 0, 1: 0, 2: 0, 3: 5, 4: 0} missing_bins=[0, 1, 2, 4] color_complete=False
[DeepSeek][2026-07-21T20:50:32.513658+00:00] generator request started (attempt 1/3)
[DeepSeek][2026-07-21T20:50:32.516882+00:00] generator request started (attempt 1/3)
[DeepSeek][2026-07-21T20:50:32.520083+00:00] generator request started (attempt 1/3)
[DeepSeek][2026-07-21T20:50:32.523328+00:00] generator request started (attempt 1/3)
[DeepSeek][2026-07-21T20:50:51.161955+00:00] generator request succeeded (attempt 1, response_chars=4191)
[DeepSeek][2026-07-21T20:50:54.394059+00:00] generator request succeeded (attempt 1, response_chars=5049)
[DeepSeek][2026-07-21T20:51:08.655737+00:00] generator request succeeded (attempt 1, response_chars=8899)
[DeepSeek][2026-07-21T20:51:21.994307+00:00] generator request succeeded (attempt 1, response_chars=11980)
[DeepSeek][2026-07-21T20:51:32.641554+00:00] analyzer request started (attempt 1/3)
[DeepSeek][2026-07-21T20:51:32.649655+00:00] analyzer request started (attempt 1/3)
[DeepSeek][2026-07-21T20:51:32.656398+00:00] analyzer request started (attempt 1/3)
[DeepSeek][2026-07-21T20:51:32.663180+00:00] analyzer request started (attempt 1/3)
[DeepSeek][2026-07-21T20:51:57.711908+00:00] analyzer request succeeded (attempt 1, response_chars=5055)
[DeepSeek][2026-07-21T20:52:01.134012+00:00] analyzer request succeeded (attempt 1, response_chars=6242)
[DeepSeek][2026-07-21T20:52:04.395255+00:00] analyzer request succeeded (attempt 1, response_chars=6957)
[DeepSeek][2026-07-21T20:52:11.767819+00:00] analyzer request succeeded (attempt 1, response_chars=8602)
[ColorPool] color=violet round=3 completed accepted={0: 0, 1: 0, 2: 1, 3: 5, 4: 0} missing_bins=[0, 1, 2, 4] color_complete=False
[DeepSeek][2026-07-21T20:52:11.768971+00:00] generator request started (attempt 1/3)
[DeepSeek][2026-07-21T20:52:11.771920+00:00] generator request started (attempt 1/3)
[DeepSeek][2026-07-21T20:52:11.774470+00:00] generator request started (attempt 1/3)
[DeepSeek][2026-07-21T20:52:11.775375+00:00] generator request started (attempt 1/3)
[DeepSeek][2026-07-21T20:52:33.495942+00:00] generator request succeeded (attempt 1, response_chars=4707)
[DeepSeek][2026-07-21T20:52:34.132497+00:00] generator request succeeded (attempt 1, response_chars=4682)
[DeepSeek][2026-07-21T20:52:45.982161+00:00] generator request succeeded (attempt 1, response_chars=8017)
[DeepSeek][2026-07-21T20:52:50.623028+00:00] generator request succeeded (attempt 1, response_chars=9256)
[DeepSeek][2026-07-21T20:52:57.385896+00:00] analyzer request started (attempt 1/3)
[DeepSeek][2026-07-21T20:52:57.392530+00:00] analyzer request started (attempt 1/3)
[DeepSeek][2026-07-21T20:52:57.399489+00:00] analyzer request started (attempt 1/3)
[DeepSeek][2026-07-21T20:52:57.405765+00:00] analyzer request started (attempt 1/3)
[DeepSeek][2026-07-21T20:53:31.736048+00:00] analyzer request succeeded (attempt 1, response_chars=7174)
[DeepSeek][2026-07-21T20:53:31.739397+00:00] analyzer request succeeded (attempt 1, response_chars=7635)
[DeepSeek][2026-07-21T20:53:35.174020+00:00] analyzer request succeeded (attempt 1, response_chars=7866)
[DeepSeek][2026-07-21T20:53:35.353885+00:00] analyzer request succeeded (attempt 1, response_chars=7918)
[ColorPool] color=violet round=4 completed accepted={0: 0, 1: 0, 2: 1, 3: 5, 4: 0} missing_bins=[0, 1, 2, 4] color_complete=False
[DeepSeek][2026-07-21T20:53:35.355204+00:00] generator request started (attempt 1/3)
[DeepSeek][2026-07-21T20:53:35.358223+00:00] generator request started (attempt 1/3)
[DeepSeek][2026-07-21T20:53:35.361974+00:00] generator request started (attempt 1/3)
[DeepSeek][2026-07-21T20:53:35.365455+00:00] generator request started (attempt 1/3)
[DeepSeek][2026-07-21T20:53:56.686878+00:00] generator request succeeded (attempt 1, response_chars=4721)
[DeepSeek][2026-07-21T20:53:59.186801+00:00] generator request succeeded (attempt 1, response_chars=5233)
[DeepSeek][2026-07-21T20:54:08.924265+00:00] generator request succeeded (attempt 1, response_chars=7935)
[DeepSeek][2026-07-21T20:54:21.414621+00:00] generator request succeeded (attempt 1, response_chars=10798)
[DeepSeek][2026-07-21T20:54:34.212311+00:00] analyzer request started (attempt 1/3)
[DeepSeek][2026-07-21T20:54:34.222110+00:00] analyzer request started (attempt 1/3)
[DeepSeek][2026-07-21T20:54:34.231514+00:00] analyzer request started (attempt 1/3)
[DeepSeek][2026-07-21T20:54:34.236375+00:00] analyzer request started (attempt 1/3)
[DeepSeek][2026-07-21T20:55:03.099280+00:00] analyzer request succeeded (attempt 1, response_chars=6540)
[DeepSeek][2026-07-21T20:55:03.775486+00:00] analyzer request succeeded (attempt 1, response_chars=6583)
[DeepSeek][2026-07-21T20:55:08.677651+00:00] analyzer request succeeded (attempt 1, response_chars=7703)
[DeepSeek][2026-07-21T20:55:15.328455+00:00] analyzer request succeeded (attempt 1, response_chars=9879)
[ColorPool] color=violet round=5 completed accepted={0: 0, 1: 0, 2: 1, 3: 5, 4: 0} missing_bins=[0, 1, 2, 4] color_complete=False
[DeepSeek][2026-07-21T20:55:15.508009+00:00] generator request started (attempt 1/3)
[DeepSeek][2026-07-21T20:55:15.511246+00:00] generator request started (attempt 1/3)
[DeepSeek][2026-07-21T20:55:15.514224+00:00] generator request started (attempt 1/3)
[DeepSeek][2026-07-21T20:55:15.517229+00:00] generator request started (attempt 1/3)
[DeepSeek][2026-07-21T20:55:15.518824+00:00] generator request started (attempt 1/3)
[DeepSeek][2026-07-21T20:55:29.125059+00:00] generator request succeeded (attempt 1, response_chars=2418)
[DeepSeek][2026-07-21T20:55:38.108101+00:00] generator request succeeded (attempt 1, response_chars=4500)
[DeepSeek][2026-07-21T20:55:38.471166+00:00] generator request succeeded (attempt 1, response_chars=4375)
[DeepSeek][2026-07-21T20:55:46.469418+00:00] generator request succeeded (attempt 1, response_chars=6827)
[DeepSeek][2026-07-21T20:56:04.442156+00:00] generator request succeeded (attempt 1, response_chars=10984)
[DeepSeek][2026-07-21T20:56:12.540626+00:00] analyzer request started (attempt 1/3)
[DeepSeek][2026-07-21T20:56:12.544375+00:00] analyzer request started (attempt 1/3)
[DeepSeek][2026-07-21T20:56:12.548584+00:00] analyzer request started (attempt 1/3)
[DeepSeek][2026-07-21T20:56:12.552918+00:00] analyzer request started (attempt 1/3)
[DeepSeek][2026-07-21T20:56:12.557120+00:00] analyzer request started (attempt 1/3)
[DeepSeek][2026-07-21T20:56:33.011602+00:00] analyzer request succeeded (attempt 1, response_chars=4011)
[DeepSeek][2026-07-21T20:56:33.411544+00:00] analyzer request succeeded (attempt 1, response_chars=4086)
[DeepSeek][2026-07-21T20:56:33.659823+00:00] analyzer request succeeded (attempt 1, response_chars=3854)
[DeepSeek][2026-07-21T20:56:34.171028+00:00] analyzer request succeeded (attempt 1, response_chars=4177)
[DeepSeek][2026-07-21T20:56:39.125833+00:00] analyzer request succeeded (attempt 1, response_chars=5877)
[ColorPool] color=turquoise round=1 completed accepted={0: 0, 1: 0, 2: 0, 3: 2, 4: 0} missing_bins=[0, 1, 2, 3, 4] color_complete=False
[DeepSeek][2026-07-21T20:56:39.127264+00:00] generator request started (attempt 1/3)
[DeepSeek][2026-07-21T20:56:39.130609+00:00] generator request started (attempt 1/3)
[DeepSeek][2026-07-21T20:56:39.133699+00:00] generator request started (attempt 1/3)
[DeepSeek][2026-07-21T20:56:39.136987+00:00] generator request started (attempt 1/3)
[DeepSeek][2026-07-21T20:56:39.139962+00:00] generator request started (attempt 1/3)
[DeepSeek][2026-07-21T20:56:52.677978+00:00] generator request succeeded (attempt 1, response_chars=2460)
[DeepSeek][2026-07-21T20:57:02.855576+00:00] generator request succeeded (attempt 1, response_chars=4433)
[DeepSeek][2026-07-21T20:57:07.659861+00:00] generator request succeeded (attempt 1, response_chars=6012)
[DeepSeek][2026-07-21T20:57:18.618658+00:00] generator request succeeded (attempt 1, response_chars=8904)
[DeepSeek][2026-07-21T20:57:21.990661+00:00] generator request succeeded (attempt 1, response_chars=9463)
[DeepSeek][2026-07-21T20:57:33.256166+00:00] analyzer request started (attempt 1/3)
[DeepSeek][2026-07-21T20:57:33.259890+00:00] analyzer request started (attempt 1/3)
[DeepSeek][2026-07-21T20:57:33.264898+00:00] analyzer request started (attempt 1/3)
[DeepSeek][2026-07-21T20:57:33.270373+00:00] analyzer request started (attempt 1/3)
[DeepSeek][2026-07-21T20:57:33.277275+00:00] analyzer request started (attempt 1/3)
[DeepSeek][2026-07-21T20:57:52.452943+00:00] analyzer request succeeded (attempt 1, response_chars=3907)
[DeepSeek][2026-07-21T20:57:56.938263+00:00] analyzer request succeeded (attempt 1, response_chars=4671)
[DeepSeek][2026-07-21T20:58:05.684610+00:00] analyzer request succeeded (attempt 1, response_chars=6611)
[DeepSeek][2026-07-21T20:58:06.094344+00:00] analyzer request succeeded (attempt 1, response_chars=7697)
[DeepSeek][2026-07-21T20:58:21.197483+00:00] analyzer request succeeded (attempt 1, response_chars=10022)
[ColorPool] color=turquoise round=2 completed accepted={0: 0, 1: 0, 2: 0, 3: 3, 4: 0} missing_bins=[0, 1, 2, 3, 4] color_complete=False
[DeepSeek][2026-07-21T20:58:21.199072+00:00] generator request started (attempt 1/3)
[DeepSeek][2026-07-21T20:58:21.202468+00:00] generator request started (attempt 1/3)
[DeepSeek][2026-07-21T20:58:21.205765+00:00] generator request started (attempt 1/3)
[DeepSeek][2026-07-21T20:58:21.208805+00:00] generator request started (attempt 1/3)
[DeepSeek][2026-07-21T20:58:21.211823+00:00] generator request started (attempt 1/3)
[DeepSeek][2026-07-21T20:58:34.218014+00:00] generator request succeeded (attempt 1, response_chars=2524)
[DeepSeek][2026-07-21T20:58:40.670429+00:00] generator request succeeded (attempt 1, response_chars=4038)
[DeepSeek][2026-07-21T20:58:49.927696+00:00] generator request succeeded (attempt 1, response_chars=7143)
[DeepSeek][2026-07-21T20:59:00.443183+00:00] generator request succeeded (attempt 1, response_chars=9025)
[DeepSeek][2026-07-21T20:59:04.801173+00:00] generator request succeeded (attempt 1, response_chars=10265)
[DeepSeek][2026-07-21T20:59:15.765651+00:00] analyzer request started (attempt 1/3)
[DeepSeek][2026-07-21T20:59:15.769566+00:00] analyzer request started (attempt 1/3)
[DeepSeek][2026-07-21T20:59:15.771682+00:00] analyzer request started (attempt 1/3)
[DeepSeek][2026-07-21T20:59:15.773318+00:00] analyzer request started (attempt 1/3)
[DeepSeek][2026-07-21T20:59:15.775738+00:00] analyzer request started (attempt 1/3)
[DeepSeek][2026-07-21T20:59:40.511140+00:00] analyzer request succeeded (attempt 1, response_chars=4615)
[DeepSeek][2026-07-21T20:59:45.058655+00:00] analyzer request succeeded (attempt 1, response_chars=5717)
[DeepSeek][2026-07-21T20:59:46.867830+00:00] analyzer request succeeded (attempt 1, response_chars=6091)
[DeepSeek][2026-07-21T20:59:49.155685+00:00] analyzer request succeeded (attempt 1, response_chars=7614)
[DeepSeek][2026-07-21T20:59:57.944620+00:00] analyzer request failed (attempt 1): Expecting ',' delimiter: line 19 column 8703 (char 9657)
[DeepSeek][2026-07-21T20:59:57.944734+00:00] analyzer request will retry
[DeepSeek][2026-07-21T20:59:58.944866+00:00] analyzer request started (attempt 2/3)
[DeepSeek][2026-07-21T21:00:12.736639+00:00] analyzer request succeeded (attempt 2, response_chars=3481)
[ColorPool] color=turquoise round=3 completed accepted={0: 0, 1: 0, 2: 0, 3: 3, 4: 0} missing_bins=[0, 1, 2, 3, 4] color_complete=False
[DeepSeek][2026-07-21T21:00:12.737767+00:00] generator request started (attempt 1/3)
[DeepSeek][2026-07-21T21:00:12.740993+00:00] generator request started (attempt 1/3)
[DeepSeek][2026-07-21T21:00:12.743949+00:00] generator request started (attempt 1/3)
[DeepSeek][2026-07-21T21:00:12.748225+00:00] generator request started (attempt 1/3)
[DeepSeek][2026-07-21T21:00:12.751119+00:00] generator request started (attempt 1/3)
[DeepSeek][2026-07-21T21:00:26.641486+00:00] generator request succeeded (attempt 1, response_chars=2621)
[DeepSeek][2026-07-21T21:00:34.011132+00:00] generator request succeeded (attempt 1, response_chars=4657)
[DeepSeek][2026-07-21T21:00:38.750155+00:00] generator request succeeded (attempt 1, response_chars=6254)
[DeepSeek][2026-07-21T21:00:47.221945+00:00] generator request succeeded (attempt 1, response_chars=7711)
[DeepSeek][2026-07-21T21:00:56.597130+00:00] generator request succeeded (attempt 1, response_chars=10224)
[DeepSeek][2026-07-21T21:01:08.020479+00:00] analyzer request started (attempt 1/3)
[DeepSeek][2026-07-21T21:01:08.027652+00:00] analyzer request started (attempt 1/3)
[DeepSeek][2026-07-21T21:01:08.034952+00:00] analyzer request started (attempt 1/3)
[DeepSeek][2026-07-21T21:01:08.041402+00:00] analyzer request started (attempt 1/3)
[DeepSeek][2026-07-21T21:01:08.048875+00:00] analyzer request started (attempt 1/3)
[DeepSeek][2026-07-21T21:01:37.135776+00:00] analyzer request succeeded (attempt 1, response_chars=5881)
[DeepSeek][2026-07-21T21:01:37.999955+00:00] analyzer request succeeded (attempt 1, response_chars=6267)
[DeepSeek][2026-07-21T21:01:40.326418+00:00] analyzer request succeeded (attempt 1, response_chars=6101)
[DeepSeek][2026-07-21T21:01:52.998458+00:00] analyzer request succeeded (attempt 1, response_chars=9614)
[DeepSeek][2026-07-21T21:01:57.622931+00:00] analyzer request succeeded (attempt 1, response_chars=11961)
[ColorPool] color=turquoise round=4 completed accepted={0: 0, 1: 0, 2: 0, 3: 4, 4: 0} missing_bins=[0, 1, 2, 3, 4] color_complete=False
[DeepSeek][2026-07-21T21:01:57.624010+00:00] generator request started (attempt 1/3)
[DeepSeek][2026-07-21T21:01:57.627763+00:00] generator request started (attempt 1/3)
[DeepSeek][2026-07-21T21:01:57.630269+00:00] generator request started (attempt 1/3)
[DeepSeek][2026-07-21T21:01:57.631184+00:00] generator request started (attempt 1/3)
[DeepSeek][2026-07-21T21:01:57.633249+00:00] generator request started (attempt 1/3)
[DeepSeek][2026-07-21T21:02:10.403321+00:00] generator request succeeded (attempt 1, response_chars=2484)
[DeepSeek][2026-07-21T21:02:21.070885+00:00] generator request succeeded (attempt 1, response_chars=5047)
[DeepSeek][2026-07-21T21:02:24.019962+00:00] generator request succeeded (attempt 1, response_chars=5898)
[DeepSeek][2026-07-21T21:02:30.124193+00:00] generator request succeeded (attempt 1, response_chars=7435)
[DeepSeek][2026-07-21T21:02:44.483354+00:00] generator request succeeded (attempt 1, response_chars=11423)
[DeepSeek][2026-07-21T21:02:52.761128+00:00] analyzer request started (attempt 1/3)
[DeepSeek][2026-07-21T21:02:52.767685+00:00] analyzer request started (attempt 1/3)
[DeepSeek][2026-07-21T21:02:52.776022+00:00] analyzer request started (attempt 1/3)
[DeepSeek][2026-07-21T21:02:52.782611+00:00] analyzer request started (attempt 1/3)
[DeepSeek][2026-07-21T21:02:52.790361+00:00] analyzer request started (attempt 1/3)
[DeepSeek][2026-07-21T21:03:13.074315+00:00] analyzer request succeeded (attempt 1, response_chars=3610)
[DeepSeek][2026-07-21T21:03:19.815288+00:00] analyzer request succeeded (attempt 1, response_chars=5891)
[DeepSeek][2026-07-21T21:03:20.947992+00:00] analyzer request succeeded (attempt 1, response_chars=6215)
[DeepSeek][2026-07-21T21:03:22.399714+00:00] analyzer request succeeded (attempt 1, response_chars=6388)
[DeepSeek][2026-07-21T21:04:52.950502+00:00] analyzer request failed (attempt 1): Request timed out.
[DeepSeek][2026-07-21T21:04:52.950593+00:00] analyzer request will retry
[DeepSeek][2026-07-21T21:04:53.950656+00:00] analyzer request started (attempt 2/3)
[DeepSeek][2026-07-21T21:05:34.394088+00:00] analyzer request succeeded (attempt 2, response_chars=11274)
[ColorPool] color=turquoise round=5 completed accepted={0: 0, 1: 0, 2: 0, 3: 4, 4: 0} missing_bins=[0, 1, 2, 3, 4] color_complete=False
[INFO] Colour prior pool updated at /root/autodl-tmp/datasets/color_prior_pool.json
